dur_code,ingr_code,prohibit_content,condition_min,condition_max,condition_unit,notification_date
PWNM_TABOO,D000145,"동물실험에서 기형발생 보고 및 신생아 구토, 신경과민 가능(테오필린).",,,,2013-07-12
PWNM_TABOO,D000159,"혈액량 감소, 혈액점도 증가 및 태반혈류량 감소와 관련.태아와 신생아의 황달, 태아의 골수억제, 혈소판 감소 보고.",,,,2013-07-12
PWNM_TABOO,D000454,"임부에 대한 안전성 미확립.베타차단제는 태반관류를 감소시켜 자궁내 사망, 미숙분만, 조숙분만 야기 가능.분만 또는 수유중 투여시 신생아에서 저혈당증이나 서맥 위험 가능.",,,,2013-07-12
PWNM_TABOO,D000550,신생아에 제8뇌신경장애 가능성.,,,,2008-12-11
PWNM_TABOO,D000254,임부금기,,,,2008-12-11
PWNM_TABOO,D000551,동물실험에서 대량투여에 의해 기형발생 보고.,,,,2013-07-12
PWNM_TABOO,D000740,동물실험에서 고용량 투여시 모체에 대한 독성에 의해 태자미숙 및 저체중의 발생빈도 증가 보고.,,,,2013-07-12
PWNM_TABOO,D000739,"임부에 대한 안전성 미확립.임신 말기에 투여시 태아의 동맥관조기폐쇄 가능성.동물실험에서 비스테로이드성 소염진통제는 난산발생빈도 증가, 분만지연, 태아 생존율 감소 보고.",,,,2008-12-11
PWNM_TABOO,D000345,"(주사)임부에 대한 안전성 미확립.동물실험에서 자궁수축 작용 보고.(액제)동물실험에서 500㎍/kg 용량에서 배자독성, 2000㎍/kg 용량에서 흡수증가, 생존태자수 감소, 내장 및 골격변이 증가, 내장 및 골격의 육안적인 기형, 모체독성 보고.",,,,2008-12-11
PWNM_TABOO,D000456,"임신 중기 및 말기에 ACE 저해제 투여시 양수과소증, 태아 및 신생아 사망, 신생아 저혈압, 신부전, 고칼륨혈증, 두개골형성부진, 사지의 구축, 두개안면변형 보고.임신 첫 12주에 ACE 저해제 투여시 주요 선천성기형 발생 위험성 증가 보고.",,,,2008-12-11
PWNM_TABOO,D000249,"동물실험에서 기형발생 보고. 임상에서 임신 제1삼분기에 노출된 후 사지, 눈의 기형과 두개골-위턱얼굴 및 심장 기형 발생  보고.",,,,2013-07-12
PWNM_TABOO,D000658,"임부에 대한 안전성 미확립.동물시험에서 착상후 생존율 감소, 고용량에서 불완전 골화 증가, 분만지연과 분만실패, 모체독성 보고.",,,,2013-07-12
PWNM_TABOO,D000149,임부에 대한 안전성 미확립.,,,,2012-11-21
PWNM_TABOO,D000033,임부에 대한 안전성 미확립.,,,,2013-07-12
PWNM_TABOO,D000741,"최기형성 가능성.동물실험에서 중추신경계기형(뇌탈출/뇌헤르니아), 사지기형(소지증, 내반족(club foot), 합지증, 핍지증) 그리고 기타(소하악증, 위벽파열, 부종 및 늑골기형) 등 보고.",,,,2008-12-11
PWNM_TABOO,D000745,임부에 대한 안전성 미확립.,,,,2012-11-21
PWNM_TABOO,D000597,임부에 대한 안전성 미확립.,,,,2015-05-20
PWNM_TABOO,D000736,임부에 대한 안전성 미확립.,,,,2015-05-20
PWNM_TABOO,D000019,최기형성이 있음.,,,,2008-12-11
PWNM_TABOO,D000458,"임부에 대한 안전성 미확립.동물실험에서 최기형성(하악골과 경구개·연구개 이상, 심장과 대혈관기형, 흉선과 갑상선형성장애) 보고.",,,,2013-07-12
PWNM_TABOO,D000738,임부에 대한 안전성 미확립.동물실험에서 면역기능변형(갑상선과 췌장의 감염 등)보고.,,,,2013-07-12
PWNM_TABOO,D000654,"임부에 대한 안전성 미확립.동물실험에서 태반이행 보고. 랫드에서 태자 체중감소, 부종, 골격변화, 기형, 조기 자궁내 사망, 출생지연 등 나타남.",,,,2015-05-20
PWNM_TABOO,D000643,"동물실험에서 최기형성(신경관이상, 무안구증, 소안구증 등)보고.사람에서 유산 보고.유전독성 및 발육독성 유발.",,,,2013-05-23
PWNM_TABOO,D000687,임부에 대한 안전성 미확립.동물실험에서 배아독성 보고.,,,,2013-07-12
PWNM_TABOO,D000258,"임부에 대한 안전성 미확립. 동물실험에서 최기형성, 배자독성, 태자독성, 배자손실, 기형(구개열), 골형성변형 보고.",,,,2013-05-23
PWNM_TABOO,D000552,임부에 대한 안전성 미확립.,,,,2013-07-12
PWNM_TABOO,D000346,임부에 대한 안전성 미확립.동물실험에서 생식독성 보고.,,,,2014-09-15
PWNM_TABOO,D000253,"임부에 대한 안전성 미확립, 이 약의 주성분은 태반벽을 통과할 것이며 이로 인해 태아에 위험을 야기할 가능성이 있음, 동물 시험에서 생식 독성이 나타남",,,,2013-05-23
PWNM_TABOO,D000146,임부에 대한 안전성 미확립.모체의 호르몬 농도변화로 인한 태아발달에 위해 가능성.,,,,2013-05-23
PWNM_TABOO,D000100,임부에 대한 안전성 미확립.,,,,2008-12-11
PWNM_TABOO,D000744,임부에 대한 안전성 미확립.,,,,2016-01-29
PWNM_TABOO,D000809,임부에 대한 안전성 미확립.,,,,2012-12-13
PWNM_TABOO,D000440,임부에 대한 안전성 미확립.,,,,2013-07-12
PWNM_TABOO,D000132,"동물실험에서 기형발생 작용 보고.태아의 성장 지체, 언청이의 위험 등의 증가, 뇌성장 및 발달에도 영향 끼칠 수 있음.신생아에서 부신부전증 일으킬 수 있음.",,,,2013-07-12
PWNM_TABOO,D000340,"동물실험에서 기형유발 작용, 태자치사율 증가 보고.",,,,2008-12-11
PWNM_TABOO,D000053,동물실험에서 과량투여시 태자 체중억제 보고.,,,,2013-07-12
PWNM_TABOO,D000148,동물실험에서 생후 소실되는 일시적인 골격이상 보고.,,,,2013-07-12
PWNM_TABOO,D000371,임부에 대한 안전성 미확립.몇몇 실험체계에서 태아독성과 변이원성 보고동물실험에서 태자치사 및 최기형성 보고.,,,,2008-12-11
PWNM_TABOO,D000563,동물실험에서 골격기형 보고.,,,,2013-07-12
PWNM_TABOO,D000581,"과량투여시 태아독성의 위험(육체적·정신적 발달지체, 대동맥 협착).",,,,2013-07-12
PWNM_TABOO,D000054,동물실험에서 기형유발 보고.,,,,2008-12-11
PWNM_TABOO,D000542,(주사)동물실험에서 기형발생 보고.,,,,2008-12-11
PWNM_TABOO,D000174,"태반 통과함.임신 초기(14주) 및 고용량 투여 시 선천성 피부 무형성, 두개안면 기형(후비공 폐쇄; 안면기형), 배꼽탈장, 식도폐쇄증, 배꼽창자간막관 기형, 심실사이막결손이 보고됨.임신 가능성이 있는 여성은 치료기간 동안 효과적으로 피임해야 함.",,,,2014-09-15
PWNM_TABOO,D000441,"동물실험에서 배태자독성 및 기형(안구, 뇌, 두개골, 척추부위) 보고.",,,,2008-12-11
PWNM_TABOO,D000377,"저혈량증이나 혈액점도 증가, 태반환류 감소 가능성. 티아지드계 이뇨제의 사용은 태아 골수억제와 혈소판감소증 및 태아·신생아 황달과의 관련성 보고.",,,,2013-07-12
PWNM_TABOO,D000152,임부에 대한 안전성 미확립.,,,,2008-12-11
PWNM_TABOO,D000533,임부금기,,,,2014-09-15
PWNM_TABOO,D000330,"임부에 대한 안전성 미확립.동물실험에서 태자손실, 생존태자 감소 및 생존태자의 체중감소 보고.",,,,2008-12-11
PWNM_TABOO,D000030,임부에 대한 안전성 미확립.,,,,2012-09-25
PWNM_TABOO,D000537,"임부에 대한 안전성 미확립. 동물실험에서 기형을 포함한 생식독성, 난소부전 사례 발생 보고.",,,,2013-05-23
PWNM_TABOO,D000337,"동물실험에서 착상수 감소, 착상전후 소실 증가, 고용량 투여시 완전한 불임 나타냄.",,,,2008-12-11
PWNM_TABOO,D000236,임부에 대한 안전성 미확립.,,,,2013-07-12
PWNM_TABOO,D000637,전신 코르티코스테로이드를 장기간 고용량 사용시 태아의 자궁내 성장지연 초래 가능성.,,,,2013-07-12
PWNM_TABOO,D000372,임부에 대한 안전성 미확립.,,,,2013-05-23
PWNM_TABOO,D000009,임부에 대한 안전성 미확립.동물실험에서 생식독성 보고.,,,,2013-07-12
PWNM_TABOO,D000539,임부에 대한 안전성 미확립.태반 통과 보고.,,,,2015-05-20
PWNM_TABOO,D000640,"임부에 대한 안전성 미확립.임신 3기에 프로스타글란딘 합성억제는 태아의 심폐독성(동맥관의 조기봉합 및 폐동맥고혈압), 양수 부족증 및 신부전에 이를 수 있는 신기능 장애 유발 가능성. 임신 말기에 때때로 산모와 태아의 출혈시간 연장.",,,,2015-05-20
PWNM_TABOO,D000339,"임부에 대한 안전성 미확립. 임신한 랫드에게 25 mg/kg/day(인체 노출량(하루 180 mg)의 3배 용량)로 경구 투여시, 모체에서 저칼슘혈증(분만시 사망 및 출생후 초기차산자 사망), 체중증가 억제, 태아 중량감소(차산자 체중 증가량 감소), 섭이량 감소 및 태반통과 보고.",,,,2015-05-20
PWNM_TABOO,D000437,임부에 대한 안전성 미확립.동물실험에서 최기형성 및 유전독성 보고.,,,,2013-05-23
PWNM_TABOO,D000017,"(주사)동물실험에서 난산, 서투른 보육행동, 출생자의 생존률 저하 및 체중증가억제 보고.(패취)임부에 대한 안전성 미확립.고용량의 임상시험에서 설하 투여시 신생아의 금단증후군, 자궁내 성장저해 및 소두증 보고.",,,,2008-12-11
PWNM_TABOO,D000331,임부에 대한 안전성 미확립.분만중 투여시 태아의 호흡곤란 또는 무호흡 가능성.,,,,2012-11-21
PWNM_TABOO,D000378,임부에 대한 안전성 미확립,,,,2012-12-13
PWNM_TABOO,D000012,임부에 대한 안전성 미확립.,,,,2008-12-11
PWNM_TABOO,D000538,"""임부에 대한 안전성 미확립.임신 말기에 투여시 태아의 동맥관조기폐쇄 가능성.동물실험에서 난산발생빈도 증가, 분만지연, 태아 생존율 감소 보고.""",,,,2012-11-21
PWNM_TABOO,D000476,"""동물실험에서 과량 투여시 태아 사망률 증가, 결함발생 등 보고. 간질여성의 자식에 이분척추 및 기타 선천성기형(예, 두개안면결함, 심혈관기형, 요도하열, 각종 신체기관의 이상) 및 성장장애와의 관련 보고.""",,,,2008-12-11
PWNM_TABOO,D000176,"""임신 2기 및 3기에 ACE 저해제 복용시 태아 및 신생아에 저혈압, 신생아 두개형성부전, 무뇨, 고칼륨혈증, 신부전 및 사망 가능성.태아의 신기능감소에 의한 양수과소증으로 태아사지경축, 두개안면변형, 폐발육형성부전 가능성.""",,,,2008-12-11
PWNM_TABOO,D000436,"""신생아에서 심폐합병증의 위험성 증가 및 서맥, 호흡부전, 저혈당증 보고. 베타차단제는 태반관류를 감소시켜 자궁내 태아 사망, 미숙 및 조산 초래 가능성.동물실험에서 배태자 사망 증가 보고.""",,,,2008-12-11
PWNM_TABOO,D000238,"""동물실험에서 태자독성(태자흡수 증가 등) 보고. 임신말기나 분만중 투여시 신생아에서 기면, 진전, 과흥분성 가능성.임신 3기에 투여시 신생아에서 추체외로장애, 금단증상 보고.""",,,,2012-09-25
PWNM_TABOO,D000450,"동물실험에서 고용량 투여시 신우확대, 시신경결손의 자연발생빈도 증가 보고.",,,,2008-12-11
PWNM_TABOO,D000052,임부에 대한 안전성 미확립.,,,,2008-12-11
PWNM_TABOO,D000234,동물실험에서 고용량 투여시 기형발생 보고.,,,,2008-12-11
PWNM_TABOO,D000722,"""임부에 대한 안전성 미확립.임신 말기에 투여시 태아의 동맥관조기폐쇄 가능성.동물실험에서 난산발생빈도 증가, 분만지연, 태아 생존율 감소 보고.""",,,,2012-11-21
PWNM_TABOO,D000250,"""동물실험에서 기형발생(골격기형, 내장이상) 보고.프레드니손과 병용투여시 태아에 림프구감소증, IgG 및 IgM의 감소, CMV 감염, 흉선 음영의 감소/모체에 범혈구감소증, 중증의 면역결핍/기형아출생 보고.""",,,,2008-12-11
PWNM_TABOO,D000534,"""임부에 대한 안전성 미확립.동물실험에서 태자의 유의한 골화지연, 사망률 증가, 체중감소, 분만일지연 경향 보고.""",,,,2008-12-11
PWNM_TABOO,D000435,"""동물실험에서 태아독성 보고.임신말기에 투여시 임신기간 및 분만시간 연장 보고.""",,,,2008-12-11
PWNM_TABOO,D000370,임부에 대한 안전성 미확립.,,,,2008-12-11
PWNM_TABOO,D000235,임부에 대한 안전성 미확립.,,,,2008-12-11
PWNM_TABOO,D000439,동물실험에서 기형발생 작용 보고.,,,,2008-12-11
PWNM_TABOO,D000452,"""정중배벽갈림증에 대한 위험성 증가 배제될 수 없음.동물실험에서 생식독성 나타남, 태자의 동맥관 수축 보고.임신 3기 동안 모든 프로스타글란딘 합성 저해제들은 태아의 심폐기관 독성(동맥관의 조기 페쇄 및 폐고혈압), 신기능 저하(이는 양수과소증) 유발 가능.임신 말기에는 산모와 아이에서 출혈 시간 연장, 항응고 작용(저용량), 자궁 수축이 억제되어 분만시간 연장 또는 지연 가능.""",,,,2008-12-11
PWNM_TABOO,D000273,"임신 2~3기중 투여시 태아 및 신생아 손상(저혈압, 신기능부전, 핍뇨 그리고/또는 무뇨, 양수과소증, 두개골발육부전, 자궁내 성장지체), 폐부전, 안면비정상, 사지연축 및 사망 가능성.",,,,2008-12-11
PWNM_TABOO,D000543,"""베타차단제는 태반관류를 감소시켜 성장저해, 자궁내 사망 및 유산, 조기분만 초래 가능성.태자 및 신생아에서 저혈당, 서맥 가능성 및 사망 증가, 저체중 보고.""",,,,2008-12-11
PWNM_TABOO,D000768,"""임부에 대한 안전성 미확립. 동물실험에서 태자치사 및 최기형성 보고.""",,,,2008-12-11
PWNM_TABOO,D000013,임부에 대한 안전성 미확립.,,,,2008-12-11
PWNM_TABOO,D000724,임부금기,,,,2008-12-11
PWNM_TABOO,D000451,"""임부에 대한 안전성 미확립.동물실험에서 발생학적 독성(최기형성 포함) 증명됨.""",,,,2012-09-25
PWNM_TABOO,D000237,"""(주사)동물실험에서 최기형성(근골격계, 체중, 크기) 및 태아독성(전신부종, 구개열, 척추이상, 늑골이상 및 심장혈관의 중증 이상) 보고.""",,,,2008-12-11
PWNM_TABOO,D000015,임신중 투여시 선천성결함 야기 가능성.,,,,2008-12-11
PWNM_TABOO,D000020,"""임부에 대한 안전성 미확립임신 3기에 투여시 신생아에서 추체외로장애, 금단증상의 위험 가능성.""",,,,2012-09-25
PWNM_TABOO,D000133,"벤조디아제핀계 약물의 최기형성 사례(대조군에 비해 높음), 신생아 포유곤란, 근긴장저하, 졸음, 황달 증가 및 분만전 연용시 신생아 금단증상(신경과민, 진전, 과다긴장 등) 보고.",,,,2012-12-13
PWNM_TABOO,D000276,"""임부에 대한 안전성 미확립.동물실험에서 태자독성(태자사망 등) 보고.임신말기나 분만중 향정신병약 투여시 신생아에서 기면, 진전, 과흥분성 보고.""",,,,2012-09-25
PWNM_TABOO,D000584,"""임부에 대한 안전성 미확립.동물실험에서 태자독성(태자사망 등) 보고.임신 중 투여시 신생아에서 진전, 추체외로증상 등 보고. 임신말기나 분만중 투여시 기면, 진전, 과흥분성 가능성.임신 3기에 투여시 추체외로장애, 금단증상(초조, 근육긴장항진 또는 저하, 진전 등) 보고.""",,,,2012-09-25
PWNM_TABOO,D000142,"""임부에 대한 안전성 미확립.동물실험에서 미성숙 개체에서 관절연골손상 유발 가능성.""",,,,2008-12-11
PWNM_TABOO,D000247,"동물실험에서 이상태자의 증가 및 출생시의 저체중, 사망 증가 보고.",,,,2008-12-11
PWNM_TABOO,D000652,"""임신 2기 및 3기에 ACE 저해제 복용시 태아 및 신생아에 저혈압, 신생아 두개형성부전, 무뇨, 고칼륨혈증, 신부전 및 사망 가능성.태아의 신기능감소에 의한 양수과소증으로 태아사지경축, 두개안면변형 및 폐발육형성부전 가능성.""",,,,2008-12-11
PWNM_TABOO,D000245,"""실험동물에서 태아독성, 고용량에서 골화지연 보고. 임신중기 투여시 임신기간 연장 보고.임신말기 투여시 분만시간 연장 보고.""",,,,2008-12-11
PWNM_TABOO,D000376,기형유발 가능성.,,,,2008-12-11
PWNM_TABOO,D000138,"""임부에 대한 안전성 미확립.동물실험에서 생식독성(기형발생 포함) 보고.임신말기에 투여시 자궁무력증, 태아 동맥관조기폐쇄 가능성.""",,,,2008-12-11
PWNM_TABOO,D000056,"벤조디아제핀계 약물의 최기형성 사례(대조군에 비해 높음), 신생아 포유곤란, 근긴장저하, 졸음, 황달 증가 및 분만전 연용시 신생아 금단증상(신경과민, 진전, 과다긴장 등) 보고.",,,,2012-12-13
PWNM_TABOO,D000199,"""동물실험에서 기형발생 작용 보고.태아의 성장지체, 언청이의 위험 등의 증가, 뇌성장 및 발달에 영향 가능성. 신생아에 부신부전증 유발 가능성.""",,,,2013-07-12
PWNM_TABOO,D000026,임부에 대한 안전성 미확립.,,,,2013-07-12
PWNM_TABOO,D000732,동물실험에서 유전독성 및 태아손상 유발 가능성.,,,,2008-12-11
PWNM_TABOO,D000675,"""임부에 대한 안전성 미확립.동물실험에서 태자독성 보고.""",,,,2012-12-11
PWNM_TABOO,D000394,"여성 태아의 남성화 가능성(음핵비대, 음순융합, 비뇨생식동결손, 질폐쇄) 보고.",,,,2008-12-11
PWNM_TABOO,D000582,동물실험에서 기형발생 작용 및 사람에서 태아 염색체 손상의 위험.,,,,2008-12-11
PWNM_TABOO,D000449,동물실험에서 기형발생 작용 보고.,,,,2008-12-11
PWNM_TABOO,D000277,동물실험에서 최대 임상노출보다는 낮은 정도의 전신노출수준(AUC)에서 생식독성 나타냄. 임신말기에 복용시 신생아 중단증후군 발생 가능성.,,,,2012-12-13
PWNM_TABOO,D000788,"""동물실험에서 기형발생 작용 보고.태아의 성장지체, 언청이의 위험 등의 증가, 뇌성장 및 발달에 영향 가능성. 신생아에 부신부전증 유발 가능성.""",,,,2008-12-11
PWNM_TABOO,D000293,"""임부에 대한 안전성 미확립.동물실험에서 기형, 태자독성 보고.""",,,,2008-12-11
PWNM_TABOO,D000334,"""임부에 대한 안전성 미확립.동물실험에서 생식독성 보고.37주 미만의 미숙아 출산 위험성 높음.""",,,,2008-12-11
PWNM_TABOO,D000243,유사화합물의 동물실험에서 태자독성 및 기형유발 보고.,,,,2008-12-11
PWNM_TABOO,D000478,"동물실험에서 태자독성, 기형발생 보고.",,,,2008-12-11
PWNM_TABOO,D000691,동물실험에서 기형유발 보고.,,,,2008-12-11
PWNM_TABOO,D000198,임부금기,,,,2008-12-11
PWNM_TABOO,D000086,"""임부에 대한 안전성 미확립.임신 말기에 투여시 태아의 동맥관조기폐쇄 가능성.동물실험에서 대사독성, 동맥관수축, 난산발생빈도 증가, 분만지연, 태아 생존율 감소 보고.""",,,,2012-12-11
PWNM_TABOO,D000292,"""임부에 대한 안전성 미확립.동물실험에서 배태자 독성(근골격기형과 골형성 감소, 부종, 소간증 등) 보고.""",,,,2008-12-11
PWNM_TABOO,D000664,"""임부에 대한 안전성 미확립.에스트로겐대체요법에 의해 태아에서 생식기관결함, 선천적 심장결함, 수족감소결함 가능성.훗날 여성에서 질선증, 질 및 자궁경부 편평세포형성장애/암의 위험 증가.""",,,,2008-12-11
PWNM_TABOO,D000733,임부금기,,,,2008-12-11
PWNM_TABOO,D000609,"""임부에 대한 안전성 미확립.동물실험에서 발육독성, 태자기형 유발, 태자 생존감소 및 태자 체중감소 보고.""",,,,2008-12-11
PWNM_TABOO,D000396,"""임부에 대한 안전성 미확립.모체독성용량에서 태자의 체중감소, 태자변이 증가, 배태자 생존력 감소 보고.""",,,,2015-05-20
PWNM_TABOO,D000057,"""임부에 대한 안전성 미확립.동물시험에서 최기형성을 포함한 생식독성 보고.""",,,,2013-05-23
PWNM_TABOO,D000674,"""임부에 대한 안전성 미확립. 동물실험에서 배태자 독성(착상 후 손실, 태자 체중감소), 고용량 투여시 난포의 단일세포 괴사 등 보고.""",,,,2013-05-23
PWNM_TABOO,D000055,임부에 대한 안전성 미확립.,,,,2013-07-23
PWNM_TABOO,D000693,임부에 대한 안전성 미확립.,,,,2014-09-15
PWNM_TABOO,D000692,"""임부에 대한 안전성 미확립동물실험에서 사람의 임신 2기와 3기에 해당하는 신장 발달 독성(신우 및 세뇨관 확장) 보고""",,,,2016-01-29
PWNM_TABOO,D000375,"벤조디아제핀계 약물의 최기형성 사례(대조군에 비해 높음), 신생아 포유곤란, 근긴장저하, 졸음, 황달 증가 및 분만전 연용시 신생아 금단증상(신경과민, 진전, 과다긴장 등) 보고.",,,,2014-09-25
PWNM_TABOO,D000818,"""(경구) 동물실험에서 골격, 심장, 망막 및 혀에 기형 보고.출생자의 체중감소 및 생존수 감소, 분만지연, 사산수 증가 보고.(주사)동물 실험에서 최기형성 및 태자치사 작용 보고.""",,,,2008-12-11
PWNM_TABOO,D000506,"""(경구, 주사)임부에 대한 안전성 미확립.임신말기에 투여시 태아의 동맥관조기폐쇄, 태아 순환지속증 가능성. 동물실험에서 난산발생 증가, 분만지연, 태자 생존율 감소 보고. 임신 약 20주 이후 비스테로이드성 소염제의 사용은 태아의 신기능 이상을 일으켜 양수 과소증 유발가능 및 경우에 따라 신생아 신장애 발생 가능(외용, 점안제)임신 3기에 투여시 태아에서 심폐독성 및 신장 독성, 산모와 신생아의 출혈 연장 및 산모 분만 지연 유발 가능 (구강용 스프레이제, 구강용 액제)",,,,2008-12-11
PWNM_TABOO,D000085,"""임부에 대한 안전성 미확립.동물실험에서 피하투여시 착상 후 손실 증가, 생존태아 감소, 태자 체중감소 및 성장발달지연 보고. """,,,,2015-05-20
PWNM_TABOO,D000696,"""(경구)양수과소증을 수반하는 신부전, 항응고효과로 인한 출혈시간지연, 자궁수축억제로 인한 출산지연 가능성.(주사)임부에 대한 안전성 미확립. 자궁 수축 저해로 인한 출산지연. 자궁내 수축 또는 동맥관폐쇄유도로 인한 신생아 폐성 고혈압 및 호흡 불충분. 태아 혈소판과 신장기능 억제로 인한 양수과소증 및 신생아 무뇨증 가능성.""",,,,2012-11-21
PWNM_TABOO,D000090,"""최기형성 사례(대조군에 비해 높음) 및 신생아 포유곤란, 근긴장저하, 졸음, 황달 증가 보고.분만전 연용시 신생아 금단증상(신경과민, 진전, 과다긴장 등) 보고.분만 중 정맥 주입시 sleeping baby 보고.임신중 지속적 복용시 신생아 저혈압, 호흡기능저하, 체온저하 가능성.""",,,,2012-12-13
PWNM_TABOO,D000560,태아의 산소결핍 초래 가능성.,,,,2013-07-13
PWNM_TABOO,D000503,"""태자에 일과성 골발육부전, 영구적 치아착색, 법랑질형성부전 보고.동물실험에서 태자독성(주로 골격발달지연과 관련) 및 배자독성 보고.""",,,,2008-12-11
PWNM_TABOO,D000463,"""임부에 대한 안전성 미확립.임신 말기에 투여시 태아의 동맥관조기폐쇄 가능성.동물실험에서 난산발생빈도 증가, 분만지연, 태아 생존율 감소 보고.""",,,,2008-12-11
PWNM_TABOO,D000554,"임신 제2 및 3기에 ACE 저해제 투여시 양수과소증, 태아 및 신생아의 사망, 신생아 저혈압, 신부전, 고칼륨혈증, 두개형성부전, 양수과소증에 의한 것으로 추정되는 사지의 경축, 두개단면의 변형 보고.",,,,2008-12-11
PWNM_TABOO,D000502,동물실험에서 기형발생 보고.,,,,2008-12-11
PWNM_TABOO,D000297,동물실험에서 모체독성을 유발하는 농도에서 생식독성 보고.,,,,2008-12-11
PWNM_TABOO,D000154,"동물실험에서 기형유발, 태자독성 보고.",,,,2008-12-11
PWNM_TABOO,D000349,"""임부에 대한 안전성 미확립.임신후기 및 분만시 태아의 서맥 유발 가능성.""",,,,2013-07-12
PWNM_TABOO,D000348,임부에 대한 안전성 미확립.,,,,2013-07-12
PWNM_TABOO,D000504,동물실험에서 기형유발 보고.,,,,2008-12-11
PWNM_TABOO,D000555,"""임부에 대한 안전성 미확립.에스트로겐대체요법에 의해 태아에서 생식기관결함, 선천적 심장결함, 수족감소결함, 사지감소장애 등 가능성.훗날 여성에서 질선증, 질 및 자궁경부 편평세포형성장애, 자궁암의 위험 증가.""",,,,2008-12-11
PWNM_TABOO,D000748,"""임부에 대한 안전성 미확립.에스트로겐 대체 요법에 의해 남녀 태아의 생식기관 유전적 결함을 증가, 훗날 여성의 경우 질선증, 자궁경부 편평세포 형성장애, 자궁암의 위험 증가. 임신 중 에스트로겐 대체 요법이 필요한 적응증은 없음.""",,,,2008-12-11
PWNM_TABOO,D000464,"""동물실험에서 태자독성 보고기형발생 보고(안트라사이클린계의 다른 항악성종양제).""",,,,2008-12-11
PWNM_TABOO,D000462,임부금기,,,,2008-12-11
PWNM_TABOO,D000088,임부에 대한 안전성 미확립.,,,,2013-07-12
PWNM_TABOO,D000559,"임신 제 2~3기 투여시 태아와 신생아의 저혈압, 신생아 두개골형성부전, 무뇨, 신부전, 양수과소증(사지골절, 두개안면변형, 폐발육부전과 관련) 및 사망 보고.",,,,2008-12-11
PWNM_TABOO,D000752,"실험동물에서 모체동물, 출생자에 체중증가 억제 보고.",,,,2008-12-11
PWNM_TABOO,D000156,임부에 대한 안전성 미확립.,,,,2013-07-12
PWNM_TABOO,D000610,전임상시험에서 남성 태아의 외부 생식기 발달 저해 가능성.,,,,2008-12-11
PWNM_TABOO,D000465,"""임부에 대한 안전성 미확립.동물실험에서 생존태자수 감소 및 과량 투여시 모체독성(유산 및 배/태자 사망 등) 보고.""",,,,2008-12-11
PWNM_TABOO,D000461,"""임부에 대한 안전성 미확립.동물실험에서 배태자독성(사망률, 태자 체중감소) 및 골격근 변화와 기형(흉골열 등) 발생률 증가.""",,,,2013-05-23
PWNM_TABOO,D000611,여성 태아의 외부생식기 남성화 및 남성 태아의 요도하열과의 관련성 보고.,,,,2008-12-11
PWNM_TABOO,D000295,"동물실험에서 배태자 독성(배· 태아 치사 작용, 태아 및 출생아의 발육·발달지연, 최기형성 소견) 및 수태력 감소 보고.",,,,2008-12-11
PWNM_TABOO,D000257,동물실험에서 기형발생 보고.,,,,2008-12-11
PWNM_TABOO,D000034,"""임부에 대한 안전성 미확립동물실험에서 배태자독성 및 최기형성 보고.""",,,,2013-05-23
PWNM_TABOO,D000157,"""임부에 대한 안전성 미확립동물실험에서 출생 후 발달에 유해한 영향 보고""",,,,2016-01-29
PWNM_TABOO,D000201,동물실험에서 기형 유발.,,,,2013-07-12
PWNM_TABOO,D000352,"벤조디아제핀계 약물의 최기형성 사례(대조군에 비해 높음), 신생아 포유곤란, 근긴장저하, 졸음, 황달 증가 및 분만전 연용시 신생아 금단증상(신경과민, 진전, 과다긴장 등) 보고.",,,,2012-12-13
PWNM_TABOO,D000107,"약의 부서진 조각을 만지는 경우, 피부를 통해 흡수되어 남성 태아 외부생식기의 비정상 초래 가능성.",,,,2008-12-11
PWNM_TABOO,D000686,임신 3개월 이후 투여시 태아에 축적되어 태아독성 유발 가능성.,,,,2008-12-11
PWNM_TABOO,D000404,"""임부에 대한 안전성 미확립.동물실험에서 태자손상, 분만지연, 태자 및 신생자의 사망률 증가 보고.""",,,,2008-12-11
PWNM_TABOO,D000750,"""(경구) 임부에 대한 안전성 미확립.동물실험에서 난포호르몬제 투여시 태자의 성장 후 질상피 및 자궁내막의 암성변성 보고.(질좌제)동물실험에서 태자의 성장후 질상피 및 자궁내막의 악성변성을 시사하는 결과 보고.""",,,,2008-12-11
PWNM_TABOO,D000038,"""임부에 대한 안전성 미확립.동물실험에서 생식 및 발생독성 보고.""",,,,2008-12-11
PWNM_TABOO,D000512,"""임부에 대한 안전성 미확립.동물실험에서 배자독성 보고.""",,,,2015-05-20
PWNM_TABOO,D000402,임부에 대한 안전성 미확립.,,,,2015-05-20
PWNM_TABOO,D000624,"임신 2~3기에 투여시 태아 및 신생아 저혈압, 신생아 두개골형성저하증, 무뇨증, 신부전, 양수과소증(사지연축, 두개안면기형, 폐형성저하증과 관련), 및 사망 보고.",,,,2013-07-12
PWNM_TABOO,D000097,"""임부에 대한 안전성 미확립.동물실험에서 살배자 작용 보고.출산/분만 중 투여시 신생아 호흡억제 유발 가능성.""",,,,2012-11-21
PWNM_TABOO,D000517,"임신 첫 3개월 안에 150mg을 단회 또는 반복 투여한 임부에서 자연유산 및 영아의 선천성이상 보고.임신 첫 3개월의 모든 또는 대부분의 기간동안 고용량(1일 400-800mg) 투여 시 영아에서 출생기형(납작머리증, 비정상적 얼굴, 비정상정 머리덮개뼈 발달, 구개열, 대퇴부 휨, 얇은 갈비뼈, 긴뼈, 관절굽음증, 선천적 심장질환)이 나타남.콕시디오이데스진균증에 대해 3개월 이상 고용량(1일 400-800mg) 투여 시 영아에서 다발성 선천성 기형 보고.동물실험에서 고용량 투여 시 태자의 해부학적인 변형(과잉늑골, 신우확장) 증가 및 골화 지연, 배자치사 증가, 태아 기형(파형늑골, 구개열, 비정상적인 두개안면부 골화) 확인.",,,,2008-12-11
PWNM_TABOO,D000212,동물실험에서 기형발생이 인정됨.,,,,2008-12-11
PWNM_TABOO,D000519,"""임부에 대한 안전성 미확립.동물실험에서 생식독성(태아소실, 장기결손, 동맥간존속, 심실중격결손) 보고.""",,,,2013-07-12
PWNM_TABOO,D000798,임부에 대한 안전성 미확립.,,,,2013-07-12
PWNM_TABOO,D000690,"""신생아에서 저혈당 또는 거대아 확인.동물실험에서 기형발생 작용 보고.""",,,,2008-12-11
PWNM_TABOO,D000075,"""(주사)신생아에 제8뇌신경장애(특히 비가역적 선천성 난청) 가능성.(이식)임부에 대한 안전성 미확립.태반을 통과하여 치명적인 위해 가능성.""",,,,2008-12-11
PWNM_TABOO,D000623,"동물실험에서 다지증, 구개열 등 기형유발 작용 보고.",,,,2008-12-11
PWNM_TABOO,D000079,임부에 대한 안전성 미확립.,,,,2008-12-11
PWNM_TABOO,D000835,"""임부에 대한 안전성 미확립.임신 말기에 투여시 태아의 동맥관조기폐쇄 가능성.동물실험에서 동맥관수축, 난산발생빈도 증가, 분만지연, 태아 생존율 감소 보고.""",,,,2012-11-21
PWNM_TABOO,D000113,"""기형 발생 의심증례 보고.임신말기나 분만중 투여시 신생아에서 기면, 진전, 과흥분성 나타날 수 있음.임신 3기에 복용시 신생아에서 추체외로장애, 금단증상(초조, 근육긴장항진 또는 저하, 진전 등) 보고.""",,,,2008-12-11
PWNM_TABOO,D000284,동물실험에서 과량투여시 태자 체중억제 보고.,,,,2013-07-12
PWNM_TABOO,D000417,"""유사화합물인 인산클로로퀸의 고용량 투여시 와우각손상 보고.아미노퀴놀린 화합물의 이독성(청각, 전정독성, 선천성 귀머거리)을 포함한 중추신경계 손상, 망막출혈과 비정상적 망막색소와의 관련 보고.""",,,,2008-12-11
PWNM_TABOO,D000600,신생아에서 저혈당 또는 거대아 확인.,,,,2008-12-11
PWNM_TABOO,D000410,동물시험에서 기형발생(골격이상) 보고.,,,,2013-07-12
PWNM_TABOO,D000392,"동물실험에서 고용량 투여시 상완골의 단축, 비후, 굴곡의 골격기형 보고.",,,,2008-12-11
PWNM_TABOO,D000129,"""동물실험에서 기형발생 작용 보고.태아의 성장지체, 언청이의 위험 등의 증가, 뇌성장 및 발달에 영향 가능성. 신생아에 부신부전증 유발 가능성.""",,,,2013-07-12
PWNM_TABOO,D000522,"(정제, 주사제) 동물실험에서 기형발생 작용 보고. 태아의 성장지체, 언청이의 위험 등의 증가, 뇌성장 및 발달에 영향 가능성. 신생아에 부신부전증 유발 가능성/(좌제) 좌제로 투여 시 기타 국소제제에 비해 흡수율이 높아 태아에 스테로이드의 부적절한 영향 끼칠 수 있음",,,,2020-12-28
PWNM_TABOO,D000306,"""임부에 대한 안전성 미확립.동물실험에서 과량투여시 골격발달지연, 모체독성, 부정렬 흉추, 태자 및 신생아 사망 보고.""",,,,2008-12-11
PWNM_TABOO,D000170,"""임부에 대한 안전성 미확립.동물실험에서 태자 성장지연, 모체독성 및 태자에서 뇌/안구기형(편측성 소안구증, 무안구증, 둥근 형태의 머리) 보고.""",,,,2008-12-11
PWNM_TABOO,D000076,"""동물실험에서 종양발생 보고.태아독성 유발 가능성.""",,,,2013-07-12
PWNM_TABOO,D000073,"동물실험에서 태자 발육지연, 배자치사, 최기형성(형성부전기관(신장 및 췌장), 수두증 및 하악단소증 등) 및/또는 모체 독성 보고.",,,,2008-12-11
PWNM_TABOO,D000048,임부금기,,,,2014-09-15
PWNM_TABOO,D000366,동물실험에서 최기형작용 및 태자 치사 작용 보고.,,,,2008-12-11
PWNM_TABOO,D000074,"""임부에 대한 안전성 미확립.동물실험에서 태자 체중감소, 생존 태자수 감소 및 출생자 조기 사망 보고.""",,,,2008-12-11
PWNM_TABOO,D000099,동물실험에서 생식독성(태자 비정상 및 사망 빈도 증가 등) 보고.,,,,2008-12-11
PWNM_TABOO,D000387,"""임부에 대한 안전성 미확립. 동물생식독성시험에서 태자 발달지연, 고용량에서 태자 치사율 증가 보고.""",,,,2015-05-20
PWNM_TABOO,D000725,"""임부에 대한 안전성 미확립. 동물실험에서 고용량 반복투여시 생식독성(착상 후 소실 및 유산률 증가) 보고.""",,,,2015-05-20
PWNM_TABOO,D000105,"""동물실험에서 배자독성 및 기형발생 가능성 보고.신생아에서 골격과 심장기형 및 조산 보고.""",,,,2008-12-11
PWNM_TABOO,D000412,임부에 대한 안전성 미확립.,,,,2015-05-20
PWNM_TABOO,D000209,"발작빈도 증가, 대기형(구안지구열, 심기형), 소기형(두개안면이상, 손톱 및 손가락, 발가락형성부전), 성장이상(소두증), 정신적 결함 빈도 증가 및 악성종양(신경아세포종 등) 보고.",,,,2014-09-15
PWNM_TABOO,D000407,"""임부에 대한 안전성 미확립.동물실험에서 생식독성 보고.""",,,,2012-11-21
PWNM_TABOO,D000705,"""임부에 대한 안전성 미확립.임신 말기에 투여시 태아의 동맥관조기폐쇄 가능성.동물실험에서 동맥관수축, 난산발생빈도 증가, 분만지연, 태아 생존율 감소 보고.""",,,,2012-11-21
PWNM_TABOO,D000670,"""임부에 대한 안전성 미확립.동물실험에서 태반통과 보고.""",,,,2015-05-20
PWNM_TABOO,D000077,"""임부에 대한 안전성 미확립.동물실험에서 태반통과 보고.""",,,,2015-05-20
PWNM_TABOO,D000625,"""동물실험에서 기형발생 보고.신생자에서 혈소판감소 가능성.""",,,,2013-07-12
PWNM_TABOO,D000286,임부에 대한 안전성 미확립.,,,,2013-07-12
PWNM_TABOO,D000688,"""임부에 대한 안전성 미확립.보조생식술을 실시할 경우 선천성기형 발생 가능성이 자연 임신에 비해서 높을 수 있음.동물실험에서 태자흡수 보고.""",,,,2008-12-11
PWNM_TABOO,D000411,"벤조디아제핀계 약물의 최기형성 사례(대조군에 비해 높음), 신생아 포유곤란, 근긴장저하, 졸음, 황달 증가 및 분만전 연용시 신생아 금단증상(신경과민, 진전, 과다긴장 등) 보고.",,,,2014-09-15
PWNM_TABOO,D000106,"벤조디아제핀계 약물의 최기형성 사례(대조군에 비해 높음), 신생아 포유곤란, 근긴장저하, 졸음, 황달 증가 및 분만전 연용시 신생아 금단증상(신경과민, 진전, 과다긴장 등) 보고.",,,,2014-09-15
PWNM_TABOO,D000363,"(경구, 주사)- 임부에 대한 안전성 미확립.- 임신 말기에 투여시 태아의 동맥관조기폐쇄 가능성.- 임신 약 20주 이후 비스테로이드성 소염제의 사용은 태아의 신기능 이상을 일으켜 양수 과소증 유발 가능 및 경우에 따라 신생아 신장애 발생 가능(외용)- 임신 후반기 투여 시 출산 지연,  출산 시 실혈, 신생아 출혈, 태아의 심폐독성(동맥관 조기폐쇄를 수반하는 폐고혈압), 신기능 저하로 양수과소증을 수반하는 신부전 발생 가능",,,,2008-12-11
PWNM_TABOO,D000114,"""신생아에서 근육긴장저하, 추체외로장애를 포함한 운동이상, 간대성운동, 중추신경계억제, 신생아저산소증, 뇨저류 등 보고.동물실험에서 생식독성 보고.""",,,,2008-12-11
PWNM_TABOO,D000362,동물실험에서 최대 임상노출보다는 낮은 정도의 전신노출수준(AUC)에서 생식독성 나타냄. 임신말기에 복용시 신생아 중단증후군 발생 가능성.,,,,2012-12-13
PWNM_TABOO,D000416,"""임부에 대한 안전성 미확립.동물시험에서 기형유발 보고.""",,,,2008-12-11
PWNM_TABOO,D000577,임부에 대한 안전성 미확립.,,,,2012-11-21
PWNM_TABOO,D000344,"""임부에 대한 안전성 미확립.동물실험에서 기형발생 및 태자독성 보고.""",,,,2008-12-11
PWNM_TABOO,D000668,"""임부에 대한 안전성 미확립.동물실험에서 생식독성 관찰됨.""",,,,2013-07-12
PWNM_TABOO,D000162,"""임부에 대한 안전성 미확립.동물시험에서 최기형성(뇌탈출, 뇌헤르니아 등) 및 태아소실 보고.""",,,,2008-12-11
PWNM_TABOO,D000578,"""임부에 대한 안전성 미확립.동물실험에서 골격이형(불완전 골화와 앞발의 짧은 발가락) 및 태자배아흡착 증가 보고.""",,,,2013-07-12
PWNM_TABOO,D000574,동물실험에서 유전독성 보고.,,,,2008-12-11
PWNM_TABOO,D000168,동물실험에서 태자독성 보고.,,,,2015-05-20
PWNM_TABOO,D000047,"""임부에 대한 안전성 미확립.동물실험에서 태아로의 이행 보고.""",,,,2015-05-20
PWNM_TABOO,D000166,"""임부에 대한 안전성 미확립. 동물실험에서 한 개의 특정 골격변이 건수 증가와 관련된 생식독성 보고.""",,,,2015-05-20
PWNM_TABOO,D000575,"""(경구)임신말기에 투여시 태아순환지속증, 태아의 동맥관수축, 동맥관개존증, 양수과소/과다증, 태아 신부전, 태아장천공 및 조기출산한 신생아에서 괴사성 장염 보고.동물실험에서 기형, 난산발생 증가, 분만지연, 태자 생존율 감소 보고.(주사)동물실험에서 임신기 마지막 3일간 투여시 모체와 태자 사망, 출생자에서는 간뇌 신경괴사의 발생빈도 증가 및 임신 3기에 투여시 출생자의 폐혈관수 감소, 폐혈관근육 과도생성 보고.""",,,,2008-12-11
PWNM_TABOO,D000572,임부에 대한 안전성 미확립.,,,,2013-07-12
PWNM_TABOO,D000672,"""임부에 대한 안전성 미확립.임신 후기에 투여시 태아순환지속증과 태아 신부전 발생 보고 및 출혈시간 연장 가능성.임신 말기에 투여시 태아 동맥관조기폐쇄 가능성.동물실험에서 동맥혈관수축, 심폐와 신장독성 발생, 난산발생빈도 증가, 분만지연, 태아 생존율 감소 보고.""",,,,2008-12-11
PWNM_TABOO,D000769,"""동물실험에서 고용량 투여시 기형발생(합지증, 핍지증) 보고.임신 첫 3분기에 노출된 태아에서 사지결손 보고.""",,,,2013-07-12
PWNM_TABOO,D000274,"""임부에 대한 안전성 미확립.임신 말기에 투여시 태아의 동맥관조기폐쇄 가능성.동물실험에서 난산발생빈도 증가, 분만지연, 태아 생존율 감소 보고.""",,,,2008-12-11
PWNM_TABOO,D000116,"""임부에 대한 안전성 미확립.동물실험에서 최고용량 투여시 태자 사망률 증가 및 태자 체중감소 보고.""",,,,2008-12-11
PWNM_TABOO,D000758,"""(경구)최기형성이 높음.",,,,2008-12-11
PWNM_TABOO,D000616,"""임부에 대한 안전성 미확립.동물실험에서 고용량 투여시 태자 사망률 증가, 태자 체중감소, 내장이상(신우 및 뇨관 확장) 및 설골의 불완전환 골화증가, 신생자의 사망률 증가 등 보고.""",,,,2008-12-11
PWNM_TABOO,D000762,"""임부에 대한 안전성 미확립.동물실험에서 고용량 투여시 태자 기형발생 증가, 배자독성 유발됨.""",,,,2008-12-11
PWNM_TABOO,D000161,"""임부에 대한 안전성 미확립.동물시험에서 최기형성(외표이상, 내장기형 및 골격기형 등) 및 착상후 손실 증가와 생존 태자수 감소의 독성 보고.""",,,,2008-12-11
PWNM_TABOO,D000096,"""임부에 대한 안전성 미확립.동물실험에서 태자 기형발생 증가 보고.""",,,,2008-12-11
PWNM_TABOO,D000300,"""임부에 대한 안전성 미확립.동물실험에서 골격연화, 늑골장애, 태아 체중감소, 임신기간 연장, 새끼 수 감소, 사산, 수유기동안 새끼의 생존율 감소 보고.""",,,,2008-12-11
PWNM_TABOO,D000510,"임부에 투여시 최기형성 위험을 완전히 배제할 수 없음. 동물시험에서 생식독성(인체 치료용량과 유사하거나 그 이상의 용량에서 태아 골격이상, 태아기형 발현률 증가) 보고",,,,2016-01-29
PWNM_TABOO,D000400,임부에 대한 안전성 미확립.,,,,2008-12-11
PWNM_TABOO,D000399,"""임부에 대한 안전성 미확립.동물 실험에서 고용량 투여시 착상 전후의 유실이나 골화지연 보고.""",,,,2008-12-11
PWNM_TABOO,D000046,임신 2기 및 3기에 ACE 저해제 투여시 태아 위해 및 사망 보고.,,,,2008-12-11
PWNM_TABOO,D000562,동물실험에서 최기형 작용 보고.,,,,2008-12-11
PWNM_TABOO,D000743,임부에 대한 안전성 미확립.,,,,2013-05-23
PWNM_TABOO,D000791,"""임부에 대한 안전성 미확립.동물실험에서 고용량 투여시 출생자 조기사망 보고.""",,,,2008-12-11
PWNM_TABOO,D000217,동물실험에서 태아 사망 및 최기형성 효과 유발 보고.,,,,2008-12-11
PWNM_TABOO,D000163,동물실험에서 과량투여시 배아독성 가능성 보고.,,,,2014-09-15
PWNM_TABOO,D000167,"Interferon beta-1a:자연유산 위험 증가 보고.Interferon beta-1b:""대조임상시험에서 자연유산 보고.동물실험에서 배아독성, 고용량에서 유산 증가 보고.""",,,,2014-09-15
PWNM_TABOO,D000571,"""임부에 대한 안전성 미확립.동물실험에서 배태자독성 및 최기형성 효과 나타남.""",,,,2014-09-15
PWNM_TABOO,D000509,"""임부에 대한 안전성 미확립.동물실험에서 사지기형 및 배태아독성 보고.""",,,,2013-05-23
PWNM_TABOO,D000205,"""임부에 대한 안전성 미확립. 동물실험에서 모체 독성량에서 배아독성 보고.""",,,,2015-05-20
PWNM_TABOO,D000050,신생아에 제8뇌신경장애 가능성.,,,,2008-12-11
PWNM_TABOO,D000059,"동물실험에서 기형발생, 사람에서 심장기형의 발현빈도 증가 보고.",,,,2008-12-11
PWNM_TABOO,D000528,"""임신 제2 및 3기에 ACE 저해제 투여시 태아 및 신생아에 저혈압, 고칼륨혈증, 신생아 두골형성부전, 양수과소증(태아사지경축, 두개안면변형, 폐발육형성부전과 관련), 무뇨, 신부전 및 사망 가능성.임신 제1기에 임부에 대한 안전성 미확립.""",,,,2008-12-11
PWNM_TABOO,D000312,"""임부에 대한 안전성 미확립.동물실험에서 자궁수축 작용 보고.""",,,,2008-12-11
PWNM_TABOO,D000793,임부에 대한 안전성 미확립.,,,,2008-12-11
PWNM_TABOO,D000792,"""동물실험에서 태자독성(대량 투여시 태자사망 등) 보고. 페노티아진계(클로르프로마진) 투여시 신생아 진전 보고.임신 3기에 투여시 신생아에게 추체외로장애, 금단증상 보고.""",,,,2012-09-25
PWNM_TABOO,D000220,"""임신 제 2~3기에 ACE 저해제 투여시 태아와 신생아의 저혈압, 고칼륨혈증, 신생아 두개골발육부전, 무뇨증, 신부전, 자궁내 성장지체, 양수과소증(사지구축, 두개안면기형, 폐발육부전과 관련) 및 사망 등 보고.임신 1기에 투여시 출생결함의 잠재적 위험과 관련됨.""",,,,2008-12-11
PWNM_TABOO,D000523,임부에 대한 안전성 미확립.,,,,2008-12-11
PWNM_TABOO,D000617,"""(자궁내시스템)유산 및 조기분만의 위험성 증가. 태아의 남성화 효과 가능성.""",,,,2008-12-11
PWNM_TABOO,D000117,임부에 대한 안전성 미확립.,,,,2012-11-21
PWNM_TABOO,D000420,"""임부에 대한 안전성 미확립. 동물실험에서 고용량 투여시 배자독성(태자 사망수, 착상후 배자 사망률 증가, 태자 체중감소 등), 심장중량 증가, 형태분화지연 보고.""",,,,2015-05-20
PWNM_TABOO,D000218,"벤조디아제핀계 약물의 최기형성 사례(대조군에 비해 높음), 신생아 포유곤란, 근긴장저하, 졸음, 황달 증가 및 분만전 연용시 신생아 금단증상(신경과민, 진전, 과다긴장 등) 보고.",,,,2012-12-13
PWNM_TABOO,D000135,"동물실험에서 태자흡수, 기형발생 보고.",,,,2008-12-11
PWNM_TABOO,D000473,"""동물실험에서 최기형성 보고.심실사이막결손, 심방사이막결손 및 호흡기계이상 보고.""",,,,2014-09-15
PWNM_TABOO,D000525,"""임부에 대한 안전성 미확립.임신 말기에 투여시 태아의 동맥관조기폐쇄 가능성.동물실험에서 난산발생빈도 증가, 분만지연, 태아 생존율 감소 보고.""",,,,2008-12-11
PWNM_TABOO,D000642,동물실험에서 기형발생 보고.,,,,2008-12-11
PWNM_TABOO,D000442,임부에 대한 안전성 미확립.,,,,2012-11-21
PWNM_TABOO,D000369,동물실험에서 신생자의 사망률 증가 보고.,,,,2012-09-25
PWNM_TABOO,D000419,태아 발육에 필수적인 콜레스테롤의 생합성 감소 가능성.,,,,2008-12-11
PWNM_TABOO,D000766,"""임부에 대한 안전성 미확립.임신 말기에 투여시 태아의 동맥관조기폐쇄 가능성.동물실험에서 동맥관수축, 난산발생빈도 증가, 분만지연, 태아 생존율 감소 보고.""",,,,2012-11-21
PWNM_TABOO,D000723,"""임부에 대한 안전성 미확립.선천성기형, 자연유산 보고.""",,,,2008-12-11
PWNM_TABOO,D000171,"""임부에 대한 안전성 미확립.태아의 생명력 저하로 볼 수 있는 경우 보고.""",,,,2012-11-21
PWNM_TABOO,D000011,"임신 2~3기에 ACE저해제 투여시 태아 및 신생아의 저혈압, 고칼륨혈증, 신생아 두개골 발육부전, 무뇨증, 신부전, 양수과소증(태아사지구축, 두개안면기형, 폐발육부전과 관련 있음) 및 사망과 관련됨.",,,,2008-12-11
PWNM_TABOO,D000443,"""임부에 대한 안전성 미확립.동물실험에서 생식독성 관찰됨.""",,,,2008-12-11
PWNM_TABOO,D000567,"태아의 출혈 또는 자궁내 사망, 형성부전 및 점상 연골 발육부전 등 선천성 기형 초래 보고.",,,,2008-12-11
PWNM_TABOO,D000173,"""임부에 대한 안전성 미확립.임신 3기에 투여시 신생아에서 추체외로장애, 금단증상(초조, 근육긴장항진 또는 저하, 진전 등) 보고.""",,,,2012-09-25
PWNM_TABOO,D000445,"""임부에 대한 안전성 미확립.동물실험에서 고용량 투여시 생식독성 및 태아독성 보고.""",,,,2012-11-21
PWNM_TABOO,D000221,"동물실험에서 모체독성을 유발하지 않는 용량에서 배독성(골화지연)과 최기형성(수막류, 비정상적 좌총경동맥, 사지 굴곡의 발현 증가) 보고, 모체독성 투여요법에서 최기형성(배꼽 탈장)과 배독성(태아 출생 체중감소) 보고.",,,,2015-05-20
PWNM_TABOO,D000663,임부에 대한 안전성 미확립.,,,,2015-05-20
PWNM_TABOO,D000368,"동물실험에서 최기형성, 모체독성 보고.",,,,2013-07-12
PWNM_TABOO,D000683,동물시험에서 태반 통과 보고.,,,,2013-07-12
PWNM_TABOO,D000486,신생아에 제8뇌신경장애 가능성.,,,,2008-12-11
PWNM_TABOO,D000773,"""임부에 대한 안전성 미확립.동물 실험에서 돌연변이성, 발암성, 생식독성 보고.임신 말기 고용량 단기 투여시 신생아의 호흡억제 가능성.임신중 장기 투여시 신생아에게 금단증상 야기 가능성.""",,,,2012-11-21
PWNM_TABOO,D000186,"""임부에 대한 안전성 미확립.동물실험에서 대량 투여시 골격이상의 증가 보고.""",,,,2008-12-11
PWNM_TABOO,D000535,"발프로산은 신경관 이상(예, 척추갈림증)과 같은 태아기형을 유발할 수 있으며, 게다가 자궁 내 노출 시 낮은 IQ점수를 유발할 수 있다.",,,,2008-12-11
PWNM_TABOO,D000060,"""임부에 대한 안전성 미확립.임신 말기에 투여시 태아의 동맥관조기폐쇄 가능성.동물실험에서 동맥관수축, 난산발생빈도 증가, 분만지연, 태아 생존율 감소 보고.""",,,,2012-11-21
PWNM_TABOO,D000488,"""(경구)기형발생 작용 높음.(외용)임부에 대한 안전성 미확립.임부에 국소적용한 후 태어난 신생아에서 결손 보고.""",,,,2008-12-11
PWNM_TABOO,D000061,"""자궁평활근 수축으로 임신 4개월 전 낙태 유발 가능성.자궁의 혈액공급장애로 태아손상 가능성.""",,,,2014-09-15
PWNM_TABOO,D000593,"""<한국페링제약 : 데카펩틸 데포, 데카펩틸주0.1밀리그람><한국입센 : 디페렐린피알3.75밀리그람주>임부에 대한 안전성 미확립.동물실험에서 뇌하수체 종양증가, 배태자독성(배태자 발달, 분만지연) 보고.<한국입센 : 디페렐린피알주11.25밀리그람>임부에 대한 안전성 미확립.동물실험에서 모체독성 및 배자독성 보고.""",,,,2008-12-11
PWNM_TABOO,D000063,여성 태아의 남성화 초래 가능성.,,,,2008-12-11
PWNM_TABOO,D000485,"임신 2기 및 3기에 투여시 태아 및 신생아에 저혈압, 신생아 두골형성부전, 무뇨, 신부전, 양수과소증(태아사지경축, 두개안면기형, 폐형성저하증과 관련) 및 사망과 관련됨.",,,,2008-12-11
PWNM_TABOO,D000772,"동물실험에서 모체독성, 배자사망, 태아 체중감소 및 기형발생율 증가(눈(소안구증, 무안구증, 망막에 로제태 생성, 망막결손증, 안구일소증), 뇌(측면 및 제3뇌실의 확장), 두개골, 척수기형) 보고.",,,,2008-12-11
PWNM_TABOO,D000382,"""임부에 대한 안전성 미확립.동물실험에서 최기형성(흉골, 원개형 두부, 수두증 및 골격계기형 등) 보고.착상 후 손실 증가 및 태자 생존률 감소.""",,,,2014-09-15
PWNM_TABOO,D000489,태아 위해 가능성.,,,,2014-09-15
PWNM_TABOO,D000065,"선천성기형(구순열, 구개열, 두개안면결손, 요도밑열림증 등)의 위험 증가 및 높은 유병률(저체중 출생) 보고.",,,,2014-09-15
PWNM_TABOO,D000588,임부에 대한 안전성 미확립.,,,,2013-07-12
PWNM_TABOO,D000068,동물실험에서 태자독성 보고.,,,,2008-12-11
PWNM_TABOO,D000131,"""임부에 대한 안전성 미확립.동물시험에서 돌연변이원성, 최기형성, 정자무발생증 및 발암성 보고.""",,,,2008-12-11
PWNM_TABOO,D000589,임부에 대한 안전성 미확립.,,,,2008-12-11
PWNM_TABOO,D000591,양수과소증(치명적인 폐형성저하증 초래)과 관련있는 태아의 신장 발달 및/또는 기능 장애 보고.,,,,2013-05-23
PWNM_TABOO,D000381,동물실험에서 기형발생 또는 태아독성 보고.,,,,2008-12-11
PWNM_TABOO,D000482,"""단 1캡슐의 1회 용량 복용으로도 심각한 선천성 기형(사지결손(사지의 결여), 단지증(짧은 사지), 뼈의 저형성증, 외이의 이상(무이증, 귓바퀴가 작은 것, 외이도가 작거나 없는 것 포함), 안면마비, 눈의 이상(무안구증, 소안구증) 및 선천성 심장결함 등) 또는 유산 보고.출생시 또는 출생 직후 사망률 약 40%로 보고.""",,,,2008-12-11
PWNM_TABOO,D000682,"""임부에 대한 안전성 미확립.작용기전에 따른 중대한 선천성 결함 유발 가능성.""",,,,2008-12-11
PWNM_TABOO,D000775,임부에 대한 안전성 미확립.,,,,2015-05-20
PWNM_TABOO,D000587,"""임부에 대한 안전성 미확립.동물실험에서 배태아 독성(태아 사망 및 골격 골화지연과 관련 있는 태아 체중감소) 및 최기형성 효과(배꼽탈장) 보고.""",,,,2013-05-23
PWNM_TABOO,D000776,동물실험에서 과용량 투여시 태아 골격변이 발생 증가.,,,,2013-07-12
PWNM_TABOO,D000361,임부금기,,,,2015-05-20
PWNM_TABOO,D000385,동물실험에서 생식독성 보고.,,,,2013-07-12
PWNM_TABOO,D000487,"동물실험에서 구개열, 소지증, 소안구증, 골격기형, 태아 체중감소, 태아 골화지연, 배·태자 사망 보고.",,,,2013-07-12
PWNM_TABOO,D000771,"""임부에 대한 안전성 미확립. 동물실험에서 고용량 투여시 자연유산, 배태아 사망 위험 증가 보고.""",,,,2015-05-20
PWNM_TABOO,D000680,임부에 대한 안전성 미확립,,,,2016-01-29
PWNM_TABOO,D000182,"""임부에 대한 안전성 미확립.동물실험에서 태자의 체중감소, 중요하지 않은 골격이상(골화지연) 증가, 태자감소 보고.""",,,,2008-12-11
PWNM_TABOO,D000592,"벤조디아제핀계 약물의 최기형성 사례(대조군에 비해 높음), 신생아 포유곤란, 근긴장저하, 졸음, 황달 증가 및 분만전 연용시 신생아 금단증상(신경과민, 진전, 과다긴장 등) 보고.",,,,2008-12-11
PWNM_TABOO,D000241,신생아에 제8뇌신경장애 가능성.,,,,2008-12-11
PWNM_TABOO,D000731,동물실험에서 기형발생 가능성 보고.,,,,2013-07-12
PWNM_TABOO,D000644,"""임부에 대한 안전성 미확립.임신 말기에 투여시 태아의 동맥관조기폐쇄 가능성.동물실험에서 동맥관 수축, 난산발생빈도 증가, 분만지연, 태아 생존율 감소 보고.""",,,,2008-12-11
PWNM_TABOO,D000280,"""임부에 대한 안전성 미확립.임신 말기에 투여시 태아의 동맥관조기폐쇄 가능성.동물실험에서 난산발생빈도 증가, 분만지연, 태아 생존율 감소 보고.""",,,,2012-11-21
PWNM_TABOO,D000679,"자연유산, 선천성결손, 태아사망 보고.",,,,2008-12-11
PWNM_TABOO,D000650,"임신 2기, 3기 중 투여에 대한 안전성 미확립.",,,,2012-11-21
PWNM_TABOO,D000483,동물실험에서 기형발생 보고.,,,,2008-12-11
PWNM_TABOO,D000728,"""동물실험에서 태자 기형발생위험 보고.임신 3기에 투여시 신생아에서 추체외로장애, 금단증상(초조, 근육긴장항진 또는 저하, 진전 등) 보고.""",,,,2012-09-25
PWNM_TABOO,D000022,태반통과 및 비정상적인 신생아 체중 보고.,,,,2013-07-12
PWNM_TABOO,D000279,"""임부에 대한 안전성 미확립.태아에 고칼륨혈증 및 신기능장애 나타남.동물실험에서 최기형 작용, 유산증가, 모체독성, 생존감소 등 보고.""",,,,2008-12-11
PWNM_TABOO,D000023,"""임부에 대한 안전성 미확립.동물실험에서 배태자 치사 및 구조이상(근골격이상, 구순열 및 구개열) 보고.""",,,,2008-12-11
PWNM_TABOO,D000244,태아 발육에 필수적인 콜레스테롤의 생합성 감소 가능성.,,,,2012-12-11
PWNM_TABOO,D000547,"""임부에 대한 안전성 미확립.동물실험에서 기형 및 배태아 독성(착상 후 손실 증가, 재흡수, 골격지연, 태아의 체중증가지연) 보고.""",,,,2008-12-11
PWNM_TABOO,D000481,임부에 대한 안전성 미확립.,,,,2015-05-20
PWNM_TABOO,D000139,임부에 대한 안전성 미확립.,,,,2013-07-12
PWNM_TABOO,D000027,태아 발육에 필수적인 콜레스테롤의 생합성 감소 가능성.,,,,2008-12-11
PWNM_TABOO,D000219,"""임부에 대한 안전성 미확립.태아 발육에 필수적인 콜레스테롤의 생합성 감소 가능성.동물실험에서 제한된 생식독성 보고.""",,,,2008-12-11
PWNM_TABOO,D000544,"""임신중 투여에 대한 안전성 미확립.임신 말기에 투여시 태아의 동맥관조기폐쇄 가능성.동물실험에서 최기형 작용, 난산발생빈도 증가, 분만지연, 태아 생존율 감소 보고.""",,,,2008-12-11
PWNM_TABOO,D000335,"""임부에 대한 안전성 미확립.동물실험에서 고용량 투여시 골반의 불완전 골화 및 발달지연, 모자독성 및 태아 체중감소, 경미한 골격변이 보고.""",,,,2012-11-21
PWNM_TABOO,D000223,"동물시험에서 심각한 기형형성(두개골, 구개, 눈, 턱, 사지, 뼈, 위장관 기형) 및 태아독성 보고.",,,,2008-12-11
PWNM_TABOO,D000418,"""임부에 대한 안전성 미확립.동물실험에서 초기흡수 증가 및 흉골 분절과 상지, 하지, 척추 및 두개골의 골화지연 보고.""",,,,2012-11-21
PWNM_TABOO,D000627,"""임부에 대한 안전성 미확립.동물실험에서 불임, 유산, 유즙분비억제 보고, 과량투여시 태자사망 증가, 기형 등 보고.""",,,,2013-07-12
PWNM_TABOO,D000224,동물시험에서 분만기 모체 저칼슘혈증 및 태자의 골화 효과 가능성 보고.,,,,2008-12-11
PWNM_TABOO,D000422,"""임부에 대한 안전성 미확립.임신 3기에 투여시 신생아에서 추체외로장애, 금단증상의 위험 가능성.동물실험에서 생식 능력과 태자의 생존율 감소 보고.""",,,,2012-09-25
PWNM_TABOO,D000313,태어난 유아 일부에서 일시적인 B세포 고갈 및 림프구감소증 보고.,,,,2013-05-23
PWNM_TABOO,D000710,임부에 대한 안전성 미확립.,,,,2008-12-11
PWNM_TABOO,D000527,"""임부에 대한 안전성 미확립. 동물실험에서 약리학적 작용 양식(예, 출혈성 합병증)과 관련된 태반변화와 함께 뚜렷한 모독성(생식독성 유발) 보고.""",,,,2015-05-20
PWNM_TABOO,D000401,"""임부에 대한 안전성 미확립. 동물실험에서 기형 및 배태자 독성, 생식독성 보고.""",,,,2015-05-20
PWNM_TABOO,D000698,임부에 대한 안전성 미확립.,,,,2015-05-20
PWNM_TABOO,D000799,"""임부에 대한 안전성 미확립.베타차단제는 태반관류를 감소시켜 자궁내 사산, 유산 초래 가능성. 태아와 신생아에서 저혈당, 서맥 가능성 및 신생아에서 심폐합병증 위험성 증가.""",,,,2013-07-12
PWNM_TABOO,D000408,"""임부에 대한 안전성 미확립.태아에서 갑상선종, 갑상선기능억제 보고.신생아에서 간장애 보고 및 갑상선기능저하, 그 후 갑상선기능항진증이 나타날 수 있음.""",,,,2014-09-15
PWNM_TABOO,D000103,"기형아(구순열, 구개열) 출산 및 엽산저하 보고. 신생아에 출혈경향, 흡수억제, 혈액응고장애 및 금단증상(다동, 진전, 반사항진, 과긴장) 가능성.",,,,2008-12-11
PWNM_TABOO,D000309,"""임부에 대한 안전성 미확립.임신 말기에 투여시 태아의 동맥관조기폐쇄 가능성.동물실험에서 최기형 작용, 난산발생빈도 증가, 분만지연, 태아 생존율 감소 보고.""",,,,2008-12-11
PWNM_TABOO,D000406,"""동물실험에서 기형발생 작용 보고.태아의 성장지체, 언청이의 위험 등의 증가, 뇌성장 및 발달에 영향 가능성. 신생아에 부신부전증 유발 가능성.""",,,,2013-07-12
PWNM_TABOO,D000816,"""임부에 대한 안전성 미확립.임신 말기에 투여시 태아의 동맥관조기폐쇄 가능성.동물실험에서 난산발생빈도 증가, 분만지연, 태아 생존율 감소 보고.""",,,,2012-11-21
PWNM_TABOO,D000305,태아 발육에 필수적인 콜레스테롤의 생합성 감소 가능성.,,,,2008-12-11
PWNM_TABOO,D000211,"""임신 말기에 투여시 태아 순환지속증, 태아의 동맥관수축, 동맥관개존증, 신부전, 장천공, 양수과소증 발생 및 신생아에서 괴사성 장염 발생 보고.동물실험에서 최기형 작용, 난산발생빈도 증가, 분만지연, 태아 생존율 감소 보고.""",,,,2008-12-11
PWNM_TABOO,D000398,"임신 제2 및 3기에 ACE저해제 투여시 태아 및 신생아에 저혈압, 신생아 두골형성부전, 무뇨, 신부전, 양수과소증으로 인한 태아사지경축, 두개안면변형, 발육형성부전 및 사망 가능성.",,,,2008-12-11
PWNM_TABOO,D000621,임부에 대한 안전성 미확립.,,,,2013-07-12
PWNM_TABOO,D000101,"""동물실험에서 태자독성 발생.임신 초기와 중기 투여시 기형 작용 및 태아독성 미확립.""",,,,2012-11-21
PWNM_TABOO,D000583,"""임부에 대한 안전성 미확립.임신 3기에 투여시 신생아에서 추체외로장애, 금단증상(초조, 근육긴장항진 또는 저하, 진전 등) 보고.""",,,,2012-09-25
PWNM_TABOO,D000109,"동물실험에서 과용량 투여시 분만지연 및 배자독성(착상후 손실 증가, 발생지연, 태아 체중감소) 보고.",,,,2008-12-11
PWNM_TABOO,D000508,태아에 손상 및 선천적 결함 위험의 증가 가능성.,,,,2008-12-11
PWNM_TABOO,D000620,"""임부에 대한 안전성 미확립.동물실험에서 과용량 투여시 태아독성, 착상억제 등 나타남.""",,,,2008-12-11
PWNM_TABOO,D000093,"""임부에 대한 안전성 미확립.기전에 따른 최기형성 및 배태자 독성 가능성.""",,,,2013-07-12
PWNM_TABOO,D000094,"""임부에 대한 안전성 미확립. 동물실험에서 태반통과 보고.랫드에서 추가적인 늑골 발생률 증가.""",,,,2015-05-20
PWNM_TABOO,D000104,"동물실험에서 기형유발(태자 사망, 사산, 착상후 소실, 태자 체중저하, 무안구증, 단지증, 심실중격결손증, 대동맥궁륜, 구상심장, 수두증, 후두실 비대, 골격계발달지연을 포함한 배태자독성) 보고.",,,,2014-09-15
PWNM_TABOO,D000471,태아의 갑상선종 및 갑상선기능이상 유발 가능성.,,,,2014-09-15
PWNM_TABOO,D000518,태아 발육에 필수적인 콜레스테롤의 생합성 감소 가능성.,,,,2008-12-11
PWNM_TABOO,D000299,"""임부에 대한 안전성 미확립.동물실험에서 배태자독성(초기 및 후기 흡수배자수, 총 흡수배자수, 사망태자수, 착상후 태자 사망률, 태방증량, 내부장기 및 골격기형 및 변이, 골화지연 발현율의 증가) 보고.""",,,,2013-05-23
PWNM_TABOO,D000102,임부에 대한 안전성 미확립.,,,,2015-05-20
PWNM_TABOO,D000797,임부에 대한 안전성 미확립.,,,,2015-05-20
PWNM_TABOO,D000515,"임부에 대한 안전성 미확립. 동물실험에서 모체독성용량인 150mg/kg/일(토끼) 및 600mg/kg/일(랫트)을 투여했을 때 배태자 사망 나타남. 토끼는 30mg/kg/일에서 태반무게 증가 및 골화지연 나타남. 랫트는 180mg/kg/일 이상의 용량에서 모체사망 증가, 출생자 생존 감소, 체중증가 감소, 발달지연 나타남.",,,,2013-07-12
PWNM_TABOO,D000667,"서맥, 부정맥, 중추신경계 또는 대뇌의 손상, 사산과 같은 태아에 대한 명확한 위험성 보고.",,,,2008-12-11
PWNM_TABOO,D000595,"역학조사에서 기형아(구순열, 구개열, 심기형) 출산, 태아의 종창(신경아세포증), 히단토인증후군, 신생아 출혈경향 등 보고.",,,,2008-12-11
PWNM_TABOO,D000566,여성 태아의 남성화 가능성.,,,,2008-12-11
PWNM_TABOO,D000468,임부에 대한 안전성 미확립.,,,,2013-07-12
PWNM_TABOO,D000213,"""임부에 대한 안전성 미확립.임신 3기에 투여시 신생아에서 추체외로장애, 금단증상(초조, 근육긴장항진 또는 저하, 진전 등) 보고.""",,,,2012-09-25
PWNM_TABOO,D000781,"""임부에 대한 안전성 미확립.동물실험에서 기형발생 보고.임신 3기에 투여시 신생아에서 추체외로장애, 금단증상(초조, 근육긴장 항진 또는 저하, 진전 등) 보고.""",,,,2008-12-11
PWNM_TABOO,D000230,"""임부에 대한 안전성 미확립.임신 말기에 투여시 태아순환지속증 발생 보고 및 태아의 동맥관조기폐쇄 가능성.동물실험에서 난산발생빈도 증가, 분만지연, 태아 생존율 감소, 동맥관수축 보고.""",,,,2008-12-11
PWNM_TABOO,D000315,동물실험에서 임신기간 및 분만시간지연 보고.,,,,2008-12-11
PWNM_TABOO,D000121,생식기 이상(여성 태아의 외부생식기 남성화 및 남성태아의 요도하열) 및 기형(선천성 심장결함 및 수족감소결함 등) 가능성 보고.,,,,2008-12-11
PWNM_TABOO,D000353,"""임신초기 3개월 이내 복용시 선천성기형(심실 및 심방중격결손 등) 발생 위험이 다른 항우울제에 비해 2.2배 높음.임신후기에 SSRIs 복용시 신생아 폐동맥고혈압존속증 위험성이 전체 인구 대비 4~5배 높음.임신말기 3개월에 SSRIs 복용시 신생아 합병증(호흡곤란, 청색증 등) 보고.""",,,,2008-12-11
PWNM_TABOO,D000685,"""임부에 대한 안전성 미확립.태아 골격계의 이론상 위험성 존재.""",,,,2013-07-12
PWNM_TABOO,D000189,"""임부에 대한 안전성 미확립.동물실험에서 배태자독성 및 수태율 감소 보고.""",,,,2008-12-11
PWNM_TABOO,D000263,"동물실험에서 태자의 구조적 기형 및 다른 발달학적 독성(태자 사망률 증가, 성장지연) 발생 증가, 신생아 응고 작용 방해 보고.",,,,2008-12-11
PWNM_TABOO,D000403,임부에 대한 안전성 미확립.,,,,2013-07-12
PWNM_TABOO,D000427,"""임신 초기 사용시 유산, 심장기형, 배벽갈림증 위험 증가.임신 말기 사용시 심폐독성, 신기능장애, 출혈시간 연장, 항응집 효과, 자궁수축 억제 가능성.동물실험에서 착상 전후 손실, 배태자 사망률 및 기형발생 증가 보고.""",,,,2008-12-11
PWNM_TABOO,D000192,"임신 제2 및 3기에 ACE저해제 투여시 태아 및 신생아에 저혈압, 두개형성부전, 무뇨, 신부전, 양수과소증으로 인한 태아사지경축, 두개안면변형, 폐발육형성부전 및 사망 가능성.",,,,2008-12-11
PWNM_TABOO,D000043,전임상자료에 따르면 태아에게 치명적이거나 기형 유발 가능성.,,,,2008-12-11
PWNM_TABOO,D000715,"(현탁액)임부 투여시 태아에 치명적인 위해 가능성.동물실험에서 수컷 새끼의 번식능력 손상, 태자의 체중감소, 생존출생 태자수의 감소, 수컷 태자의 여성화 등 보고.""",,,,2008-12-11
PWNM_TABOO,D000355,임부금기,,,,2013-07-12
PWNM_TABOO,D000206,"""임부에 대한 안전성 미확립.임신 말기에 투여시 태아의 동맥관조기폐쇄 가능성.동물실험에서 태자독성, 난산발생빈도 증가, 분만지연, 태아 생존율 감소 보고.""",,,,2012-11-21
PWNM_TABOO,D000491,"""임부에 대한 안전성 미확립.임신 3기에 투여시 신생아 추체외로장애, 금단증상의 위험 가능성.동물실험에서 고용량 투여시 태자사망 증가 보고.""",,,,2012-09-25
PWNM_TABOO,D000490,"""임부에 대한 안전성 미확립.동물실험에서 최기형 작용(심혈관기형, 뼈형성지연 등), 태자 체중감소, 착상 전후 배자치사 및 모체독성(체중감소, 먹이 섭취량 감소, 유산) 보고.""",,,,2013-05-23
PWNM_TABOO,D000596,"""임부에 대한 안전성 미확립. 동물실험에서 태반 통과성, 유산 및 조산 증가 보고.""",,,,2015-05-20
PWNM_TABOO,D000285,임부에 대한 안전성 미확립.,,,,2015-05-20
PWNM_TABOO,D000303,"""임부에 대한 안전성 미확립.심각한 선천성 결함 및 유전적 손상 유발 가능성.동물실험에서 생식독성 보고.""",,,,2008-12-11
PWNM_TABOO,D000190,"""임부에 대한 안전성 미확립.동물실험에서 생식독성 나타남.""",,,,2014-09-15
PWNM_TABOO,D000282,"""기형아(구순열, 구개열) 발생이 유의하게 높음(역학보고).신생아에서 출혈경향, 호흡억제, 금단증상(다동, 진전, 반사고진, 과긴장 등) 가능성 및 엽산 저하 보고.""",,,,2008-12-11
PWNM_TABOO,D000700,"""신생아에서 마약금단증상(신경과민, 과도한 움직임, 울음, 불면, 떨림, 발열 등) 가능성.출산/분만 중 투여시 신생아 호흡억제 유발 가능성.""",,,,2013-07-12
PWNM_TABOO,D000618,"신생아에 출혈경향, 호흡억제, 분만전 연용시 금단증상(다동, 진전, 반사항진, 과긴장증 등) 발생 가능성.",,,,2014-09-15
PWNM_TABOO,D000794,임부에 대한 안전성 미확립.,,,,2012-11-21
PWNM_TABOO,D000511,임부에 대한 안전성 미확립.,,,,2008-12-11
PWNM_TABOO,D000466,임부에 대한 안전성 미확립.,,,,2012-12-13
PWNM_TABOO,D000126,"임부에 대한 안전성 미확립. 태아에 갑상선종, 갑상선기능억제를 일으킬 수 있음.임신 초기(14주) 및 고용량 투여 시 선천성 피부 무형성, 두개안면 기형(후비공 폐쇄; 안면기형), 배꼽탈장, 식도폐쇄증, 배꼽창자간막관 기형, 심실사이막결손이 보고됨.임신 가능성이 있는 여성은 치료기간 동안 효과적으로 피임해야 함.",,,,2014-09-15
PWNM_TABOO,D000716,"1등급(류마티스성 관절염 및 건선치료)2등급(항암치료)난자형성 또는 정자발생 이상, 일시적 정자부족증, 월경기능장애, 불임증 및 임신 1기에 투여시 유산, 태아사망, 선천기형 보고.",,,,2008-12-11
PWNM_TABOO,D000718,임부금기,,,,2012-11-21
PWNM_TABOO,D000605,임부에 대한 안전성 미확립.,,,,2008-12-11
PWNM_TABOO,D000666,임부에 대한 안전성 미확립.,,,,2008-12-11
PWNM_TABOO,D000005,"정제: 동물실험에서 기형발생 작용 보고.태아의 성장지체, 언청이의 위험 등의 증가, 뇌성장 및 발달에 영향 가능성. 신생아에 부신부전증 유발 가능성.  주사제: 태반 통과함. 사람에서 임신 중 코르티코이드를 반복적으로 투여 시, 태아 발달 지연(출생시 체중, 신장, 머리둘레 감소 등)의 위험성이 증가하였음. 신생아에 부신부전증 가능성. 동물실험에서 태아의 성장지체, 언청이의 위험 등의 증가, 뇌성장 및 발달에 영향을 포함한 기형발생이 보고됨.",,,,2013-07-12
PWNM_TABOO,D000123,"""유조산 및 다른 화학요법제와 병용투여시 복합적인 선천성이상 보고.동물실험에서 배아치사 및 중증의 최기형성 작용 유발 보고.""",,,,2008-12-11
PWNM_TABOO,D000083,"""임부에 대한 안전성 미확립.임신 말기에 투여시 태아의 동맥관조기폐쇄 가능성.동물실험에서 난산발생빈도 증가, 분만지연, 태아 생존율 감소 보고.""",,,,2012-11-21
PWNM_TABOO,D000496,"""(주사)임부에 대한 안전성 미확립.(경구)동물실험에서 태아의 성장 저해로 인한 체중감소, 발달지연 및 사망 보고.""",,,,2008-12-11
PWNM_TABOO,D000317,임부금기,,,,2008-12-11
PWNM_TABOO,D000082,자궁혈관의 수축으로 태아 가사상태 가능성.,,,,2013-07-12
PWNM_TABOO,D000320,"""알킬화제의 기형유발 의심 증례보고.동물실험에서 태자치사 및 기형유발(뇌의 변형(발육부전, 기형, 수막탈출증, 뇌탈출증) 및 눈의 변형(무안구증, 소안구증), 하악골과 꼬리축소, 간낭종 등) 보고.""",,,,2008-12-11
PWNM_TABOO,D000160,임부에 대한 안전성 미확립.,,,,2013-07-12
PWNM_TABOO,D000608,동물실험에서 배태자독성 보고.,,,,2008-12-11
PWNM_TABOO,D000787,임부에 대한 안전성 미확립.,,,,2013-07-12
PWNM_TABOO,D000357,"""임부에 대한 안전성 미확립.임신 3기에 투여시 신생아에서 추체외로장애, 금단증상(초조, 근육긴장항진 또는 저하, 진전 등) 보고.""",,,,2012-09-25
PWNM_TABOO,D000228,"자궁수축 작용으로 인한 자궁내 태아에 대한 악영향, 유산 가능성.",,,,2008-12-11
PWNM_TABOO,D000786,"""에스트로겐 대체 요법에 의해 남녀 태아의 생식기관의 유전적 결함 증가. 훗날 여성의 경우 질선종, 자궁경부, 편평세포형성장애, 자궁암 위험 증가.임부에 유방암 발생 증가 가능성.임신중 여성호르몬제 복용시 선천성 심장기형 및 사지결손증 증가 보고.동물실험에서 태자의 생식기이상, 기형유발 보고.""",,,,2008-12-11
PWNM_TABOO,D000717,임부에 대한 안전성 미확립.,,,,2008-12-11
PWNM_TABOO,D000127,"""태자에 일과성 골발육부전, 영구적 치아착색, 법랑질형성부전 보고.동물실험에서 태자독성(주로 골격발달지연과 관련) 및 배자독성 보고.""",,,,2008-12-11
PWNM_TABOO,D000433,임부에 대한 안전성 미확립.,,,,2013-07-12
PWNM_TABOO,D000081,"""임부에 대한 안전성 미확립.임신 말기에 투여시 태아의 동맥관조기폐쇄 가능성.동물실험에서 난산발생빈도 증가, 분만지연, 태아 생존율 감소 보고.""",,,,2008-12-11
PWNM_TABOO,D000531,동물실험에서 기형발생 보고.,,,,2008-12-11
PWNM_TABOO,D000532,"""임부에 대한 안전성 미확립. 기형유발 가능성.""",,,,2008-12-11
PWNM_TABOO,D000497,"""동물실험에서 임신 말기에 고용량 투여시 태자 사망증가, 분만장애, 출생자의 체중감소 및 출생 후 체중증가의 억제 보고.임신중 고혈압에 투여시 태아에게 해가 되거나 태아 사망까지도 유발 가능성.""",,,,2008-12-11
PWNM_TABOO,D000634,동물실험에서 기형발생 보고.,,,,2008-12-11
PWNM_TABOO,D000233,"비정상적 자궁수축, 양수색전증, 자궁내 태아사망, 완전 또는 불완전유산, 조산, 잔류태반, 자궁천공, 자궁파열 보고. 임신 첫 삼분기에 노출 시 기형 위험이 대조군에 비해 3배 증가. 이 약에 태아가 노출되면 뫼비우스 증후군(사지 결손 유무와 관계없이, 선천성 안면 마비로 인한 표정감소, 빨기, 연하 및 눈의 움직임 어려움), 양막띠 증후군(사지기형, 절단, 특히 만곡족, 지부족증, 손결여증, 구개열 등) 및 중추신경계 이상(무뇌증, 뇌수종, 소뇌저형성, 신경관 결함과 같은 대뇌 및 두개골 이상) 보고.",,,,2008-12-11
PWNM_TABOO,D000197,동물실험에서 기형발생 및 배태자독성 보고.,,,,2008-12-11
PWNM_TABOO,D000499,"""용량 비례적으로 태아의 호흡과 순환에 위해성 보고.동물실험에서 태자의 비특이적 성장지연 및 골격계이상이 야기됨.""",,,,2008-12-11
PWNM_TABOO,D000430,"""임부에 대한 안전성 미확립.동물실험에서 골격기형, 유산 증가, 태자 무게감소, 출생전 사망 증가, 임신기간 연장 등 보고.""",,,,2008-12-11
PWNM_TABOO,D000287,임부에 대한 안전성 미확립.,,,,2012-12-11
PWNM_TABOO,D000325,"임신중 복용시 유산 위험 및 선천성기형(얼굴기형, 원위성 사지, 심장, 식도, 신장기형 등) 위험 증가.",,,,2008-12-11
PWNM_TABOO,D000321,"""임부에 대한 안전성 미확립.임신 말기에 투여시 태아의 동맥관조기폐쇄 가능성.동물실험에서 난산발생빈도 증가, 분만지연, 태아 생존율 감소 보고.""",,,,2012-11-21
PWNM_TABOO,D000602,"""임부에 대한 안전성 미확립.동물실험에서 대량투여시 태아 사망률 증가 및 체중증가 억제, 분만율 저하 보고.""",,,,2013-07-12
PWNM_TABOO,D000130,동물실험에서 태반 통과 확인 및 저혈당으로 인한 모체 사망사례 보고.,,,,2008-12-11
PWNM_TABOO,D000603,임부금기,,,,2014-09-25
PWNM_TABOO,D000289,임부에 대한 안전성 미확립.,,,,2012-11-21
PWNM_TABOO,D000432,"""임부에 대한 안전성 미확립.동물실험에서 생식독성 보고.""",,,,2014-09-15
PWNM_TABOO,D000785,"""임부에 대한 안전성 미확립.베타차단제는 태반환류를 감소시켜 태아 사망과 미숙 및 조숙 분만 초래 가능성.태아와 신생아에서 저혈당, 서맥 가능성 및 신생아의 심폐합병증 위험성 증가.""",,,,2013-07-12
PWNM_TABOO,D000008,"""임부에 대한 안전성 미확립동물실험에서 생식독성(고용량에서 심장기형, 폐기형, 착상 후 유산 및 가역적 골화이상) 보고""",,,,2016-01-29
PWNM_TABOO,D000119,"""임부에 대한 안전성 미확립선천성 결함 가능성동물실험에서 최기형성 보고""",,,,2016-01-29
PWNM_TABOO,D000601,"""임부에 대한 안전성 미확립.동물실험에서 대량 투여시 태자사망, 유산 보고.""",,,,2013-07-12
PWNM_TABOO,D000007,"벤조디아제핀계 약물의 최기형성 사례(대조군에 비해 높음), 신생아 포유곤란, 근긴장저하, 졸음, 황달 증가 및 분만전 연용시 신생아 금단증상(신경과민, 진전, 과다긴장 등) 보고.",,,,2014-09-15
PWNM_TABOO,D000290,임부에 대한 안전성 미확립.,,,,2008-12-11
PWNM_TABOO,D000783,임부에 대한 안전성 미확립.,,,,2008-12-11
PWNM_TABOO,D000784,"""임부에 대한 안전성 미확립.분만시 신생아의 호흡억제 가능성.""",,,,2012-11-21
PWNM_TABOO,D000006,"""동물실험에서 고용량 투여시 저산소증으로 인한 기형 유발, 새끼의 사망률 및 발달장애 증가 보고.신생아에서 마약금단증상(신경과민, 과도한 움직임, 울음, 불면, 떨림, 발열 등) 가능성. 출산/분만 중 투여시 신생아 호흡억제 유발 가능성.""",,,,2008-12-11
PWNM_TABOO,D000343,"임신 합병증, 기형(심혈관의 결함, 수족의 짧음) 보고.",,,,2008-12-11
PWNM_TABOO,D000747,주석산에르고타민의 자궁수축 및 혈관수축 작용.,,,,2008-12-11
PWNM_TABOO,D000901,동물실험에서 고용량 투여시 용량 의존적으로 태자의 체중감소와 생존률 감소 보고.,,,,2013-07-12
PWNM_TABOO,D000953,임부에 대한 안전성 미확립.,,,,2008-12-11
PWNM_TABOO,D000632,동물실험에서 생식독성 보고.,,,,2013-07-12
PWNM_TABOO,D000455,임부에 대한 안전성 미확립.,,,,2008-12-11
PWNM_TABOO,D000959,"""임부에 대한 안전성 미확립.동물실험에서 생식독성 보고.""",,,,2013-07-12
PWNM_TABOO,D000259,임부에 대한 안전성 미확립.부정맥 위험이 증가 될 수 있으므로 진통 및 분만 중에 사용 시 모니터링 필요.,,,,2008-12-11
PWNM_TABOO,D000144,동물실험에서 생식독성 및 태자 생존율 감소 보고.,,,,2008-12-11
PWNM_TABOO,D000613,임부에 대한 안전성 미확립.,,,,2015-05-20
PWNM_TABOO,D000064,"""태자에 일과성 골발육부전, 영구적 치아착색, 법랑질형성부전 보고.동물실험에서 태자독성(주로 골격발달지연과 관련) 및 배자독성 보고.""",,,,2008-12-11
PWNM_TABOO,D000851,"""임부에 대한 안전성 미확립.임신 말기에 투여시 태아의 동맥관조기폐쇄 가능성.동물실험에서 동맥관수축, 난산발생빈도 증가, 분만지연, 태아 생존율 감소 보고.""",,,,2012-11-21
PWNM_TABOO,D000240,동물시험에서 태자 사망률 증가 및 신생자 생존율 저하 보고.,,,,2008-12-11
PWNM_TABOO,D000180,"""임신중 투여에 대한 안전성 미확립.임신 3기에 투여시 신생아에서 추체외로장애, 금단증상(초조, 근육긴장항진 또는 저하, 진전 등) 보고.""",,,,2012-09-25
PWNM_TABOO,D000350,"동물실험에서 고용량 투여시 태자 골격이상(늑골추가형성, 경추중심부골화부전, 늑골축소) 발현 증가 관찰.",,,,2013-07-12
PWNM_TABOO,D000568,임부에 대한 안전성 미확립.,,,,2014-09-15
PWNM_TABOO,D000524,"""임부에 대한 안전성 미확립. 동물실험에서 태반통과, 생식독성 보고.""",,,,2015-05-20
PWNM_TABOO,D000660,"임신 후기 3개월이나 분만시 노출된 영아에서 이완소아증후군(근긴장저하)이나 신생아 금단증상(신경과민, 진전, 과긴장), 포유곤란, 졸음, 황달증가 발생 보고.",,,,2008-12-11
PWNM_TABOO,D000982,"""임부에 대한 안전성 미확립.임신 말기에 투여시 태아의 동맥관조기폐쇄 가능성.동물실험에서 난산발생빈도 증가, 분만지연, 태아 생존율 감소, 동맥관수축 보고.""",,,,2008-12-11
PWNM_TABOO,D000845,"""동물실험에서 태자의 골격이상 및 외형이상 보고.생식시험에서 임신기간 다소 연장, 분만장애, 사산증가, 동복자 크기 감소, 생존율 감소 보고.""",,,,2013-07-12
PWNM_TABOO,D000972,"임신 제2 및 3기에 ACE 저해제 복용시 저혈압, 신생아 두개골발육부전, 무뇨증, 신부전, 양수과소증(사지연축, 두개안면기형, 폐발육부진과 관련) 및 사망 보고.",,,,2008-12-11
PWNM_TABOO,D000866,"임부에 대한 안전성 미확립.베타차단제는 태반관류를 감소시켜 자궁내 사망, 미숙분만, 조숙분만 야기 가능.분만 또는 수유중 투여시 신생아에서 저혈당증이나 서맥 위험 가능.",,,,2013-07-12
PWNM_TABOO,D000985,"""대조임상시험에서 자연유산 보고.동물실험에서 배아독성, 고용량에서 유산 증가 보고.""",,,,2014-09-15
PWNM_TABOO,D000659,"""임부에 대한 안전성 미확립.동물실험에서 배아독성 및 최기형성 보고.""",,,,2013-07-12
PWNM_TABOO,D000051,"레보도파/카비도파/엔타카폰 병용 투여가 임부에 미치는 영향은 알려진 바 없으나, 레보도파 및 레보도파/카비도파는 토끼에서 장기 및 골격 기형을 유발하였다",,,,2013-07-12
PWNM_TABOO,D000134,안전성 미확립(브롬페니라민에 한함),,,,2013-07-12
PWNM_TABOO,D000749,피임제,,,,2008-12-11
PWNM_TABOO,D000428,"임신 제2 및 3기에 ACE저해제 투여시 양수과소증, 태아 및 신생아 사망, 신생아의 저혈압, 신부전, 고칼륨혈증, 두개형성부전, 양수과소증에 의한 것으로 추정되는 사지의 경축, 두개단면변형, 폐형성부전 및 자궁내 성장지연 등 보고.(모엑시프릴에 한함)",,,,2008-12-11
PWNM_TABOO,D000155,태아의 심박수 및 심장박동 변동성 증가,,,,2017-11-06
PWNM_TABOO,D000770,임부금기,,,,2016-12-30
PWNM_TABOO,D000329,"동물실험에서 모체의 체중증가 억제, 저혈압 유발 등 모체에 대한 유해한 영향에 의한 태자의 발육 및 성장지연과 사망 보고.",,,,2008-12-11
PWNM_TABOO,D000708,임부금기,,,,2016-12-30
PWNM_TABOO,D000181,여성에게 사용할 수 없음,,,,2017-11-06
PWNM_TABOO,D000018,임부금기,,,,2016-12-30
PWNM_TABOO,D000246,"(폐동맥고혈압 치료시 제외)여성에게 사용할 수 없음동물실험에서 착상률, 수컷 태자의 체중 감소, 한배새끼수 감소 나타남",,,,2017-11-06
PWNM_TABOO,D000569,"여성에게 사용할 수 없음동물실험에서 골격변이, 골화지연, 차산자의 사산, 신체발육부진 나타남",,,,2017-11-06
PWNM_TABOO,D000128,"여성에게 사용할 수 없음동물실험에서 골격변이의 태자독성, 체중증가 억제 나타남",,,,2017-11-06
PWNM_TABOO,D001017,임부금기,,,,2016-12-30
PWNM_TABOO,D001003,임부금기,,,,2016-12-30
PWNM_TABOO,D001015,임부금기,,,,2016-12-30
PWNM_TABOO,D001019,임부금기,,,,2016-12-30
PWNM_TABOO,D001013,임부금기,,,,2016-12-30
PWNM_TABOO,D001012,임부금기,,,,2016-12-30
PWNM_TABOO,D001060,- 동물시험에서 생식독성 관찰- 임부에서의 안전성 및 유효성 미확립,,,,2017-11-06
PWNM_TABOO,D000888,"벤조디아제핀계 약물의 최기형성 사례(대조군에 비해 높음), 신생아 포유곤란, 근긴장저하, 졸음, 황달 증가 및 분만전 연용시 신생아 금단증상(신경과민, 진전, 과다긴장 등) 보고.",,,,2012-12-13
PWNM_TABOO,D001016,임부금기,,,,2016-12-30
PWNM_TABOO,D000177,- 동물실험에서 기형발생 보고- 마약성 진통제는 태아순환계로 쉽게 이행되어 신생아 호흡억제 유발 가능- 조산아가 예상되는 경우에는 사용 금기- 신생아에서 육체적인 마약 의존성 또는 마약 금단증상 나타날 수 있음,,,,2017-11-06
PWNM_TABOO,D000480,임부에 대한 안전성 미확립,,,,2019-12-17
PWNM_TABOO,D000631,"(서방정, 관장제, 포말)- 임부에 대한 안전성 미확립- 신생아에서 혈액 질환(범혈구감소증, 백혈구감소증, 혈소판감소증, 빈혈), 신부전 등 보고(정제, 장용정, 과립제, 좌제)- 임부에 대한 안전성 미확립",,,,2017-11-06
PWNM_TABOO,D000633,"(점비제)- 임부에 대한 안전성 미확립- 임신 중 코르티코스테로이드류를 투여 받은 어머니에게서 태어난 영아는 세심하게 부신기능부전을 관찰하여야 함(연고제, 크림제, 로션제)- 임부에 대한 안전성 미확립- 동물실험에서 비교적 적은 용량의 코르티코이드를 전신적으로 투여한 경우 기형발생이 나타났으며, 일부 코르티코이드의 경우 실험동물에 피부도포를 하는 것으로도 기형발생을 보임(흡입제)- 임부에 대한 안전성 미확립- 동물실험에서 생식독성이 나타남- 임신 기간 중 코르티코스테로이드제를 투약 받았던 어머니에게서 태어난 아기는 부신기능부전을 주의 깊게 관찰해야 함",,,,2017-11-06
PWNM_TABOO,D000447,"(정제, 액제) 임부에서 사용 경험이 충분하지 않음",,,,2017-11-06
PWNM_TABOO,D001004,임부에 투여한 임상자료는 없으나 동물실험에서 최기형성 보고되었음,,,,2017-11-06
PWNM_TABOO,D001059,"- 퀴놀론계 항균제가 성장 중인 생명체의 체중을 지탱하는 연골을 손상시키는 실험적인 위험성이 있으며, 사람에서의 잠재적인 위험성은 알려져 있지 않음- 동물실험에서 부작용이 관찰됨",,,,2017-11-06
PWNM_TABOO,D001066,동물시험(랫트)에서 태아에 대한 이행 보고,,,,2017-11-06
PWNM_TABOO,D001007,임신한 여성을 대상으로 실시한 적절한 대조 임상시험 없음,,,,2017-11-06
PWNM_TABOO,D001062,"비임상시험에서 최기형성은 나타나지 않았으나 랫트의 모체 독성 용량에서 배아독성이 관찰되었으며, 임부에게 이 약을 투여한 사례는 제한적임",,,,2017-11-06
PWNM_TABOO,D001009,임부에 대한 안전성 미확립,,,,2017-11-06
PWNM_TABOO,D001005,- 임부에 대한 안전성 미확립- 올로다테롤과 같은 베타-아드레날성 효능제의 자궁수축억제 작용을 고려해야 함,,,,2017-11-06
PWNM_TABOO,D001071,안전성 및 유효성 미확립,,,,2017-11-06
PWNM_TABOO,D001064,"임부에서 사용에 대한 적절한 자료가 존재하지 않으며, 예방적인 차원에서 임부에서는 이 약의 사용을 피하는 것이 나음",,,,2017-11-06
PWNM_TABOO,D001008,- 동물시험결과 태반을 통과- 임부를 대상으로 한 대조시험 결과 없음,,,,2017-11-06
PWNM_TABOO,D001061,- 임부에 대한 안전성 미확립- 랫드 및 토끼에서 배아독성 및 최기형성 보임,,,,2017-11-06
PWNM_TABOO,D001072,안전성 및 유효성 미확립,,,,2017-11-06
PWNM_TABOO,D001067,"- 작용기전에 근거하여 태아독성 유발 가능- 마우스에서 VEGF 수용체 2 유전자의 소실은 배태자 사망의 결과를 가져왔으며 태자는 조직화된 혈관 및 난황낭의 혈관샘이 부족- VEGF 신호의 파괴는 뇌영역, 앞다리, 전두부, 심장 및 혈관의 불량한 발달을 포함하는 발달 이상과 관련 있음",,,,2017-11-06
PWNM_TABOO,D001068,태반 통과하여 신생아를 억압할 수 있으므로 산과적 마취에 사용 금기,,,,2017-11-06
PWNM_TABOO,D000092,임부에 대한 안전성 미확립. 신생아 호흡억제 및 금단 증상 유발 가능,,,,2019-12-17
PWNM_TABOO,D000878,임부에 대한 안전성 미확립. 신생아 호흡억제 및 금단 증상 유발 가능.,,,,2019-12-17
PWNM_TABOO,D000879,"동물실험에서 기형, 체중 및 출산율 저하 등 발생. 신생아 호흡억제 및 금단 증상 유발 가능",,,,2019-12-17
PWNM_TABOO,D000356,동물실험에서 기형 발생. 폐동맥판협착증의 위험증가와 관련. 신생아 호흡억제 및 금단 증상 유발 가능.,,,,2019-12-17
PWNM_TABOO,D000573,임부금기,,,,2019-12-17
PWNM_TABOO,D001318,"동물실험에서 태자에게 유해하며 기형을 유발하는 결과 나타남. 농도에 따라 태아 우울증, 신생아의 일시적 각성 감소, 임신한 자궁의 이완, 지혈 지연이 나타날 수 있음.",,,,2019-12-17
PWNM_TABOO,D000891,동물실험에서 어린 새끼의 생존율과 사산율에 영향을 줌.,,,,2019-12-17
PWNM_TABOO,D000388,동물시험에서 생식독성이 나타남. 항전간제를 투여 받은 여성의 자녀에서 선천성 기형의 위험은 2-3배 증가함,,,,2019-12-17
PWNM_TABOO,D001279,임부에 대한 안전성 미확립.,,,,2019-12-17
PWNM_TABOO,D000501,"동물실험(랫트)에서 기관형성기간 중에 투여 시 발생 독성(태아 구조적 이상 발생 증가, 태아 체중감소)이 관찰됨",,,,2019-12-17
PWNM_TABOO,D000875,임부에 대한 안전성 미확립. 신생아 호흡억제 및 금단 증상 유발 가능,,,,2019-12-17
PWNM_TABOO,D001316,임부에 대한 안전성 미확립. 신생아 호흡억제 및 금단 증상 유발 가능.,,,,2019-12-17
PWNM_TABOO,D001317,임부에 대한 안전성 미확립. 신생아 호흡억제 및 금단 증상 유발 가능,,,,2019-12-17
PWNM_TABOO,D000557,임부에 대한 안전성 미확립. 수술 중 태반을 통과할 수 있음.,,,,2019-12-17
PWNM_TABOO,D001319,임부에 대한 안전성 미확립,,,,2019-12-17
PWNM_TABOO,D001320,임부금기,,,,2019-12-17
PWNM_TABOO,D000207,태반을 통과하여 태아장애의 가능성이 있음,,,,0020-11-21
PWNM_TABOO,D000271,"임신 말기 혹은 출산 동안의 투여 시, 신생아의 저체온증, 근육긴장저하, 잘 빨지 못하는 수유장애, 중증도의 호흡저하가 나타날 수 있음. 임신 후반기 동안 벤조디아제핀계 약물 및 벤조디아제핀 유사 약물을 만성적으로 투여 시 신생아 금단 증상 및 신체적 의존성의 위험이 있음",,,,2019-12-17
PWNM_TABOO,D000229,최대권장용량의 약 40배를 토끼에 투여 시 최기형성(태자척추피열 증가) 관찰됨.,,,,2019-12-17
PWNM_TABOO,D000265,동물실험(마우스)에서 태자발육 장애가 보고,,,,2019-12-17
PWNM_TABOO,D000549,임부에 대한 안전성 미확립,,,,2019-12-17
PWNM_TABOO,D001324,임부에 대한 안전성 미확립,,,,2019-12-17
PWNM_TABOO,D000546,동물실험에서 기형발생 보고. 임신 중 이 약을 투여 받은 환자의 아이에게 선천성 이상이 보고됨.,,,,2019-12-17
PWNM_TABOO,D000802,임부에 대한 안전성 미확립,,,,2019-12-17
PWNM_TABOO,D000314,동물실험에서 기형발생 보고,,,,2019-12-17
PWNM_TABOO,D000615,동물실험에서 임신초기에 태자치사 나타남,,,,2019-12-17
PWNM_TABOO,D000892,임부에 대한 안전성 미확립.,,,,2019-12-17
PWNM_TABOO,D001321,"동물실험에서 태자독성(골화부전, 경늑 발생빈도 증가 등)이 나타남. 임신 제1삼분기에 이 약의 사용을 피하는 것이 안전함.",,,,2019-12-17
PWNM_TABOO,D000318,동물실험에서 태자의 성장의 감소 위험 가능성이 나타남.,,,,2019-12-17
PWNM_TABOO,D001325,"동물실험에서 배태자 독성, 골화 감소가 관찰됨",,,,2019-12-17
PWNM_TABOO,D001322,"동물실험에서 내장이상(비정상적인 폐엽 형성, 좌심증, 하대정맥후뇨관, 기형우쇄골하동맥 등) 및 유산이 나타남. 임신 제1삼분기에 이 약의 사용을 피하는 것이 안전함.",,,,2019-12-17
PWNM_TABOO,D000689,"동물실험에서 태자의 흉골분절 이상, 골격변이, 늑골흔적의 증가, 발정주기 수의 감소가 나타남.",,,,2019-12-17
PWNM_TABOO,D000405,동물실험에서 생식독성 관찰됨,,,,2019-12-17
PWNM_TABOO,D000028,"동물실험에서 배자독성, 태자기형 증가함",,,,2019-12-17
PWNM_TABOO,D001273,동물실험에서 생식독성이 확인됨. 모체 독성용량에서 태자와 차산자의 체중 및 생존 감소가 관찰됨.,,,,2019-12-17
PWNM_TABOO,D001323,동물실험에서 생식독성 관찰됨,,,,2019-12-17
PWNM_TABOO,D000553,동물실험에서 기형발생 보고,,,,2020-12-28
PWNM_TABOO,D001342,임부에 대한 안전성 미확립.,,,,2020-07-10
PWNM_TABOO,D000448,임부에 대한 안전성 미확립.,,,,2020-07-10
PWNM_TABOO,D000702,임부에 대한 충분한 사용 경험 없음.,,,,2020-07-10
PWNM_TABOO,D000393,임부에 대한 안전성 미확립.,,,,2020-07-10
PWNM_TABOO,D000838,동물실험에서 주산기에 대량(6mg/kg/day 이상) 경구 투여 시 사산수의 증가 보고됨.,,,,2020-07-10
PWNM_TABOO,D000070,동물실험에서 랫트의 태자골격이상 출현빈도의 증가가 보고됨.,,,,2020-07-10
PWNM_TABOO,D001345,임부에 대한 안전성 미확립. 태아의 혈액에서 스트렙토키나제 특이성 항체가 발견됨.,,,,2020-07-10
PWNM_TABOO,D001332,임부에서의 사용 경험 제한적.,,,,2020-07-10
PWNM_TABOO,D001383,동물실험에서 태자 골형성 지연 보고,,,,2020-12-28
PWNM_TABOO,D000137,임부에 대한 안전성 미확립. 동물실험에서 기형발생이 보고됨.,,,,2020-07-10
PWNM_TABOO,D000514,임부에 대한 안전성 미확립.,,,,2020-07-10
PWNM_TABOO,D001338,임부에 대한 안전성 미확립.,,,,2020-07-10
PWNM_TABOO,D001331,임부에 대한 안전성 미확립.,,,,2020-07-10
PWNM_TABOO,D000914,임부에 대한 안전성 미확립.,,,,2020-07-10
PWNM_TABOO,D001261,고용량의 비임상시험에서 추가적인 약리학적 활성으로 미숙태자 및/또는 배자독성 나타남.,,,,2020-07-10
PWNM_TABOO,D001344,임신 초기 18주간은 출혈로 인상 유산 위험이 있음.,,,,2020-07-10
PWNM_TABOO,D000912,"동물실험에서 기형발생이 보고됨. 사람 태반을 통과하여 신생아에서 구토, 신경과민 유발 가능성.",,,,2020-07-10
PWNM_TABOO,D001339,동물실험(랫트)에서 신생자의 발육지연 및 생후 4일 생존율저하 보고.,,,,2020-07-10
PWNM_TABOO,D000930,임부금기,,,,2020-07-10
PWNM_TABOO,D001379,동물실험(토끼)에서 기형발생(골격기형) 보고,,,,2020-12-28
PWNM_TABOO,D001326,"임부에 대한 안전성 미확립. 동물실험에서 모체독성, 태아에 대한 이상반응이 관찰됨",,,,2019-12-17
PWNM_TABOO,D001006,"임부에 이 약을 투여한 임상자료는 제한적이므로, 예방적 조치로서 임신 중 이 약의 사용을 피하는 것이 권장됨.",,,,2020-07-10
PWNM_TABOO,D001334,"임산부에 대한 임상적 자료 없음. 토끼에게서 사람 용량의 10, 50, 100배 용량을, 랫트에게 사람 용량의 250배 용량을 투여했을 때 최기형성 나타남. 유익성이 위험성 상회 시 사용.",,,,2020-07-10
PWNM_TABOO,D001341,비임상실험에서 태자 및 출생 후 랫트의 동맥관을 용량 의존적으로 확장시키는 것이 증명됨.,,,,2020-07-10
PWNM_TABOO,D000868,인체에 대한 최대권장용량의 50배에 해당하는 용량의 이 약을 투여한 랫트에서 분만지연 및 연장 나타남. 동물실험 중 고용량에서 생식독성 나타남.,,,,2020-07-10
PWNM_TABOO,D001380,"동물실험에서 태자독성, 기형발생 보고환자는 치료 중 임신을 피해야 하며, 치료 중 그리고 치료 종료 후에도 효과적인 피임법 사용에 대해 권고됨",,,,2020-12-28
PWNM_TABOO,D001343,임부에 대한 안전성 미확립. 이 약으로 인한 출혈 위험의 증가는 임신 중 치료에 위험을 미칠 것으로 예상됨.,,,,2020-07-10
PWNM_TABOO,D001381,임부에 대한 안전성 미확립,,,,2020-12-28
PWNM_TABOO,D001283,임부에 투여 시 구리 결핍으로 최기형성 보고외국에서 소두증 및 심장 장애가 각 1례씩 보고됨,,,,2020-12-28
PWNM_TABOO,D001336,"임신한 랫트에서 지용성 비타민 D의 흡수 감소로 기관형성기의 태자 골형성 감소, 기관형성기의 임신한 토끼에서 MRHD의 2배 용량에서 초기 흡수의 발생 증가됨.",,,,2020-07-10
PWNM_TABOO,D001348,"임부에 대한 안전성 미확립. 동물실험에서 고용량(≥1000mg/kg/day)이 노출된 랫트에서 임신기간 연장과 출생률 저하, 토끼에서 유산 또는 조산이 나타남. 동물시험에서 피르페니돈 및 그 대사체는 태반을 통과하는 것으로 나타남.",,,,2020-07-10
PWNM_TABOO,D001335,임부에서 적절한 자료 없음. 동물 시험에서 생식 독성이 나타남. 반드시 필요할 경우를 제외하고 임신 중 사용되어서는 안 됨.,,,,2020-07-10
PWNM_TABOO,D001333,안전성 미확립. 동물시험에서 300mg/Kg 이상에서 모체 독성에 의한 이차적 유해작용이 발생하는 것으로 밝혀짐.,,,,2020-07-10
PWNM_TABOO,D001284,256명의 임부에서 17명의 선천적 기형이나 임신 중절 발생. 신생아 258명 중 23명에서 총 27건의 주요하고 경미한 기형 발생,,,,2020-12-28
PWNM_TABOO,D001330,임부에 대한 안전성 미확립.,,,,2016-01-29
PWNM_TABOO,D001349,임부에 대한 안전성 미확립.,,,,2016-01-29
PWNM_TABOO,D001378,임부에 대한 안전성 미확립동물시험에서 모체독성용량 투여 시 일부 생식독성 보임동물실험(랫트)에서 비-철분축적(non-iron-overloaded) 모체에 중증의 독성을 일으키는 고용량을 투여 시 골격변이와 사산 발생빈도 수 증가,,,,2020-12-28
PWNM_TABOO,D000673,임부에 대한 안전성 미확립,,,,2019-12-17
PWNM_TABOO,D001347,동물실험에서 유산과 태반유실로 인한 것으로 생각되는 질출혈의 위험성이 높았음.,,,,2020-07-10
PWNM_TABOO,D000565,임부에 대한 안전성 미확립,,,,2020-12-28
PWNM_TABOO,D001393,임부에 대한 안전성 미확립랫트에 의한 실험에서 모체에 출혈경향 보고,,,,2020-12-28
PWNM_TABOO,D000151,"과량 복용 시 태아독성 위험(육체적·정신적 발달지체, 대동맥 협착) 가능",,,,2020-12-28
PWNM_TABOO,D000669,태아 갑상선기능저하증 유발 가능방사선 절차는 태아 기형 유발 가능,,,,2020-12-28
PWNM_TABOO,D001388,임부에 대한 안전성 미확립,,,,2020-12-28
PWNM_TABOO,D000267,태아 갑상선기능저하증 유발 가능방사선 절차는 태아 기형 유발 가능,,,,2020-12-28
PWNM_TABOO,D000032,자궁조영난관술은 임부금기일시적이라도 뇌손상이나 영구적인 갑상선기능저하증의 위험이 있으므로 모니터링 필요,,,,2020-12-28
PWNM_TABOO,D001402,경구 레티노이드는 최기형성과 관련 있음국소 투여 시 피부를 통해 소량 흡수될 가능성 있음랫트와 토끼에 국소 적용한 실험에서 과잉늑골 발생이 미량 증가토끼에서 골화지연 보고,,,,2020-12-28
PWNM_TABOO,D000188,"임부에 대한 안전성 미확립동물실험에서 인체 투여용량인 0.24μg/kg의 0.5배(체표면적 기준, μg/m²)를 토끼에게, 2배(혈장노출농도 기준)를 랫트에게 매일 투여 시 경미한 태자육성 감소(5%) 보고동물실험에서 20μg/kg씩 매주 3회 투여(체표면적 기준 인체 투여용량 14μg(0.24μg/kg)의 13배) 시 모태에 독성(고칼슘혈증)이 있는 용량에서 랫트 신생아의 사망률 증가 보고",,,,2020-12-28
PWNM_TABOO,D000760,태아 갑상선기능저하증 유발 가능방사선 절차는 태아 기형 유발 가능,,,,2020-12-28
PWNM_TABOO,D000165,태아 갑상선기능저하증 유발 가능방사선 절차는 태아 기형 유발 가능,,,,2020-12-28
PWNM_TABOO,D001369,임부금기,,,,2020-12-28
PWNM_TABOO,D001385,방사선 절차는 태아 기형 유발 가능,,,,2020-12-28
PWNM_TABOO,D001395,치료상의 유익성이 태아에 대한 위험성을 상회한다고 판단되는 경우에만 투여,,,,2020-12-28
PWNM_TABOO,D001282,동물실험에서 모체 독성 용량에서 배자치사와 태자 체중감소의 증거 있음,,,,2020-12-28
PWNM_TABOO,D001387,랫트에서 태반 통과 및 태자 혈소판수 증가와 같은 생식 독성 보고,,,,2020-12-28
PWNM_TABOO,D000364,태아 갑상선기능저하증 유발 가능방사선 절차는 태아 기형 유발 가능,,,,2020-12-28
PWNM_TABOO,D001389,사람에게 투여하는 권장용량(체표면적에 의거)의 4배량을 누적하여 투여된 임신한 토끼에서 배아독성 및 유산증가 보고됨. 이러한 용량에서 모체독성의 징후가 있었음,,,,2020-12-28
PWNM_TABOO,D001295,임부에 대한 안전성 미확립동물실험에서 생식독성 보고,,,,2020-12-28
PWNM_TABOO,D001392,임부에 대한 안전성 미확립,,,,2020-12-28
PWNM_TABOO,D001391,임신한 토끼에서 용량 의존적으로 출혈 및 유산 발생률 증가 보고,,,,2020-12-28
PWNM_TABOO,D001386,마우스에서 태반 통과잠재적인 이익이 위험을 상회하는 경우에만 투여,,,,2020-12-28
PWNM_TABOO,D001396,"동물실험(SC)에서 발달독성(장기 신경행동장애-운동능력 변화, 학습·기억 결함) 관찰됨",,,,2020-12-28
PWNM_TABOO,D001401,임부에 대한 안전성 미확립,,,,2020-12-28
PWNM_TABOO,D001400,임부에 대한 안전성 미확립,,,,2020-12-28
PWNM_TABOO,D001397,임부에 대한 안전성 미확립동물실험에서 태반통과 보고,,,,2020-12-28
PWNM_TABOO,D001367,임부에 대한 안전성 미확립랫트 태자에서 짧은 과잉목갈비뼈 증가 보고,,,,2020-12-28
PWNM_TABOO,D001399,임부에 대한 안전성 미확립태반통과 보고동물실험(원숭이)에서 태자손실(유산 및 사산) 및 신생자 사망 수 증가 보고,,,,2020-12-28
PWNM_TABOO,D001364,임부에 대한 안전성 미확립동물실험에서 배태자 독성 및 태자기형 보고랫트의 출생전후 발생시험에서 사람에 대한 권장용량에서의 노출도의 2배에서 총 한배새끼 소실 관찰,,,,2020-12-28
PWNM_TABOO,D001409,임부에 대한 안전성 미확립태반이행 보고,,,,2020-12-28
PWNM_TABOO,D001404,임부에 대한 안전성 미확립,,,,2020-12-28
PWNM_TABOO,D001405,임부에 대한 안전성 미확립,,,,2020-12-28
PWNM_TABOO,D001408,임부에 대한 안전성 미확립,,,,2020-12-28
PWNM_TABOO,D001407,임부에 대한 안전성 미확립,,,,2020-12-28
PWNM_TABOO,D001403,임부에 대한 안전성 미확립랫트에서 태반이행 보고토끼 모체독성용량에서 배태자 독성 관찰,,,,2020-12-28
PWNM_TABOO,D001410,"임부에 대한 안전성 미확립동물실험(랫트) 시 최대 임상용량(40mg/day)의 약 28배를 초과하는 노출량에서 태자체중 및 태반 중량의 낮은 수치, 외상 이상(항문 협착 및 꼬리의 이상) 및 내장 이상(심실중격결손 및 이상쇄골하동맥) 확인",,,,2020-12-28
PWNM_TABOO,D000175,임부에 대한 안전성 미확립동물실험에서 사람 복용량의 6~12배 투여 시 토끼에서 기형발생 보고,,,,2020-12-28
PWNM_TABOO,D001439,"장기간 사용 시(5일 이상) 태아 저칼슘혈증, 골형성 저하, 골절 등 위험성",,,,2020-12-28
PWNM_TABOO,D000656,"(주사제) 동물 실험에서 기형 발생. 태아에서 빈맥 등 발생 가능성, (점안제) 점안으로도 전신 순환 가능. 동물 실험에서 기형 보고",,,,2020-12-28
PWNM_TABOO,D001262,임부금기,,,,2020-12-28
PWNM_TABOO,D000425,임부금기,,,,2020-12-28
PWNM_TABOO,D001300,임부금기,,,,2020-12-28
PWNM_TABOO,D001448,임부에 대한 안전성 미확립,,,,2020-12-28
PWNM_TABOO,D000479,임부금기,,,,2020-12-28
PWNM_TABOO,D000227,임부에 대한 안전성 미확립. 동물 실험에서 기형 보고,,,,2020-12-28
PWNM_TABOO,D001309,임부금기,,,,2020-12-28
PWNM_TABOO,D001445,임부에 대한 안전성 미확립,,,,2020-12-28
PWNM_TABOO,D001422,임부금기,,,,2020-12-28
PWNM_TABOO,D001434,"동물 실험에서 배꼽탈장, 흉골 분화 지연, 소두증 등 기형 발생",,,,2020-12-28
PWNM_TABOO,D001429,임신 초기 기형발생 및 중기 이후 태아 서맥 발생 가능성,,,,2020-12-28
PWNM_TABOO,D000044,"동물 실험에서 골격기형, 뇌수종, 소안구증, 심장기형 등 보고",,,,2020-12-28
PWNM_TABOO,D001444,"임부에 대한 안전성 미확립. 사람 태반을 통과하여 태아에게 피부착색 가능성. 동물실험에서 랫트의 착상수 감소, 태자 체중감소 및 사망률 증가와 마우스의 태자 사망률 증가 및 두개골 골화 지연 나타남",,,,2020-12-28
PWNM_TABOO,D001452,동물실험에서 태자독성 및 기형발생 보고,,,,2020-12-28
PWNM_TABOO,D001310,임부금기,,,,2020-12-28
PWNM_TABOO,D001437,동물 실험에서 부작용 보고,,,,2020-12-28
PWNM_TABOO,D001354,동물 실험에서 태아 독성 보고,,,,2020-12-28
PWNM_TABOO,D001443,기형아 출산 보고,,,,2020-12-28
PWNM_TABOO,D000380,임부금기,,,,2020-12-28
PWNM_TABOO,D001355,임부금기,,,,2020-12-28
PWNM_TABOO,D001438,같은 계열의 약물에서 부작용 보고,,,,2020-12-28
PWNM_TABOO,D000242,사람과 동물 모두에서 기형 및 부작용 보고,,,,2020-12-28
PWNM_TABOO,D000172,태반 통과함. 이 약을 복용한 산모에게서 태어난 신생아의 혈중농도가 산모와 같다는 보고가 있음,,,,2020-12-28
PWNM_TABOO,D001430,임부에 대한 안전성 미확립,,,,2020-12-28
PWNM_TABOO,D000470,임부금기,,,,2020-12-28
PWNM_TABOO,D001308,임부금기,,,,2020-12-28
PWNM_TABOO,D001450,임부에 대한 안전성 미확립,,,,2020-12-28
PWNM_TABOO,D001432,동물 실험에서 기형 보고,,,,2020-12-28
PWNM_TABOO,D000078,임부금기,,,,2020-12-28
PWNM_TABOO,D001293,임부금기,,,,2020-12-28
PWNM_TABOO,D001081,임부에 대한 안전성 미확립,,,,2020-12-28
PWNM_TABOO,D001449,임부에 대한 안전성 미확립. 동물실험에서 활성대사물인 Acyclovir를 과용량(200mg/kg/day) 피하투여 시 랫트의 태자기형 보고,,,,2020-12-28
PWNM_TABOO,D001431,동물 실험에서 부작용 발생. 태아 서맥 발생 가능성,,,,2020-12-28
PWNM_TABOO,D001366,임부금기,,,,2020-12-28
PWNM_TABOO,D000187,동물 실험에서 기형 및 독성 보고,,,,2020-12-28
PWNM_TABOO,D001451,임신 후기에 투여 시 태아에 일시적인 혈소판 감소증 및 빈혈이 보고. 동물실험에서 생식독성 보고,,,,2020-12-28
PWNM_TABOO,D001455,"임부에 대한 안전성 미확립. 동물실험에서 0.125U/kg/day, 2U/kg/day 이상을 bolus투여한 토끼에서 유산 및 모체독성, 태자기형 나타남",,,,2020-12-28
PWNM_TABOO,D000711,임부금기,,,,2020-12-28
PWNM_TABOO,D001413,"랫트의 배태자 발생시험에서 최대권장용량의 약 0.4배에서 태자 성장지연, 최대권장용량의 약 2배에서 흡수증가 및 생존 태자체중 감소와 골화지연으로 입증된 태자 성장지연을 포함한 배태자 독성 관찰",,,,2020-12-28
PWNM_TABOO,D001414,"랫트의 배태자 발달시험에서 기관형성 기간에 4mg/kg/day 이상의 용량에서 태자체중 감소, 심혈관계 및 골격기형 및 변화의 발생률 증가",,,,2020-12-28
PWNM_TABOO,D001412,"임부에 대한 안전성 미확립사람에서 관찰된 전신 노출의 최소 30배 이상 노출한 랫트의 생식 및 발생 독성시험에서 인간에게 발견되지 않는 골격 과정인 경추 6번에서의 배쪽돌기 감소 발생률 증가, 합지증 및 다지증을 포함하는 골격계 이상이 새끼 75마리 중 1마리에서 발생",,,,2020-12-28
PWNM_TABOO,D001416,"동물실험(랫트)에서 Trifluridine 용량이 50mg/kg 이상(임상용량의 약 0.33배)에서 태자 체중감소, 150mg/kg(임상용량의 약 0.92배)에서 배아 치사 및 구조적 이상(꼬인 꼬리, 구개 파열, 지결손증, 전신부종, 대혈관 전위 및 골격 기형) 관찰",,,,2020-12-28
PWNM_TABOO,D001415,"랫트 배태자 발달시험에서 유해한 모체 독성을 유도하지 않는 용량 수준에서 배태자 생존 감소, 태자체중 감소 및 태자발달 이상(내장 및 골격이상, 주요 안구 및 척추/늑골 기형 포함) 나타냄",,,,2020-12-28
PWNM_TABOO,D001418,"동물 생식독성시험에서 랫드(사람노출량의 0.6배)에서 착상 후 유산 발생률 증가와 태자체중 감소, 토끼(사람노출량의 1.5배)에서 태자 기형 발생률 증가",,,,2020-12-28
PWNM_TABOO,D001421,임부에 대한 안전성 미확립토끼에서 1000mg/kg/day 용량은 모체독성을 유발하여 19마리 중 2마리에서 유산을 초래. 골격변이(경추 늑골)가 있는 태자 발생률 증가,,,,2020-12-28
PWNM_TABOO,D001420,임부에 대한 안전성 미확립,,,,2020-12-28
PWNM_TABOO,D000709,"태아 서맥 또는 빈맥, 호흡 저하 등 발생 가능성",,,,2020-12-28
PWNM_TABOO,D000897,동물실험에서 기형 발생,,,,2020-12-28
PWNM_TABOO,D000995,(점안제) 스테로이드 제제의 최기형성 위험성/(안연고제) 동물실험에서 태아에 바람직하지 못한 효과 발생. 기형발생과 배자독성을 나타내는 물질로 알려져 있음,,,,2020-12-28
PWNM_TABOO,D001457,(정제) 동물실험에서 태아 독성 및 기형 보고 / (점안제) 자궁 근육 수축을 일으킬 수 있음,,,,2020-12-28
PWNM_TABOO,D001458,임부에 대한 안전성 미확립,,,,2020-12-28
PWNM_TABOO,D000902,임부에 대한 안전성 미확립,,,,2020-12-28
PWNM_TABOO,D000657,동물실험에서 태아 부작용 발생,,,,2020-12-28
PWNM_TABOO,D000684,임부에 대한 안전성 미확립. 장기투여 시 신생아에서 베타차단제의 징후 및 증상 관찰,,,,2020-12-28
PWNM_TABOO,D001465,"동물 실험에서 체중감소와 골화지연, 척추체 기형 등 발생",,,,2020-12-28
PWNM_TABOO,D000191,"랫트와 토끼에서 용량에 따라 발달지연 및 모체독성, 태아기형, 사망증가 등이 나타남",,,,2020-12-28
PWNM_TABOO,D000727,"신경계 장애(무뇌증, 이분척추) 및 엽산부족 가능성. 사람 태반을 통과하여 신생아에 핵황달 또는 고빌리루빈혈증 가능성",,,,2020-12-28
PWNM_TABOO,D001467,동물 실험에서 골격 기형 보고,,,,2020-12-28
PWNM_TABOO,D001471,동물에서의 기형발생과 관련된 자료 및 임신 중에 복용 시 태아독성 또는 기형유발의 가능성을 평가하기 위한 충분한 정보 없음,,,,2020-12-28
PWNM_TABOO,D001275,동물실험에서 유산 및 태아 부작용 발생,,,,2020-12-28
PWNM_TABOO,D001456,동물실험에서 유산 및 뼈형성 지연에 근거한 배아독성 보고,,,,2020-12-28
PWNM_TABOO,D001460,동물실험에서 태아 부작용 발생,,,,2020-12-28
PWNM_TABOO,D001047,임부에 대한 안전성 미확립,,,,2020-12-28
PWNM_TABOO,D001082,동물실험에서 태아독성 보고,,,,2020-12-28
PWNM_TABOO,D001462,"동물실험에서 무안구증, 소안구증, 파상늑골 등 기형 보고",,,,2020-12-28
PWNM_TABOO,D001469,임부에 대한 안전성 미확립동물실험(랫트)에서 사람권장용량의 25~40배 투여 시 태아기형의 흔적을 보였으나 음식으로의 아연 동시 섭취에 의해 예방되었음,,,,2020-12-28
PWNM_TABOO,D001476,임부금기,,,,2020-12-28
PWNM_TABOO,D001466,스테로이드를 투여받은 모체에서 태어난 영아는 부신저하증이 나타날 수 있음,,,,2020-12-28
PWNM_TABOO,D001274,동물실험에서 유산 발생,,,,2020-12-28
PWNM_TABOO,D001472,동물실험에서 유산 및 조산 발생 빈도 증가임상연구에서 사산 및 신생아 사망 빈도 증가가돌리늄 유발 신성전신섬유증에 대한 위험 있음,,,,2020-12-28
PWNM_TABOO,D001475,동물실험에서 생식독성 보임,,,,2020-12-28
PWNM_TABOO,D001463,영장류에서 혈소판의 감소와 관련이 있음. 낮은 연령일수록 감수성 증가,,,,2020-12-28
PWNM_TABOO,D001464,자연유산 위험 증가 보고,,,,2020-12-28
PWNM_TABOO,D001468,"동물실험(랫트)에서 경구 투여 시 출혈 및 부종을 포함하여 흡수율과 기형 증가, 랫트 태아의 체내 구리농도는 감소",,,,2020-12-28
PWNM_TABOO,D001503,임부금기,,,,2020-12-28
PWNM_TABOO,D001480,임부금기,,,,2020-12-28
PWNM_TABOO,D001483,임부금기,,,,2020-12-28
PWNM_TABOO,D001477,임부금기,,,,2020-12-28
PWNM_TABOO,D001496,임부금기,,,,2020-12-28
PWNM_TABOO,D001058,- 임부에 대한 안전성 미확립- 잠재적 변이원성을 가지므로 임신 중 권장되지 않음,,,,2024-06-25
PWNM_TABOO,D001505,임부금기,,,,2020-12-28
PWNM_TABOO,D001482,임부금기,,,,2020-12-28
PWNM_TABOO,D001486,임부금기,,,,2020-12-28
PWNM_TABOO,D001506,임부금기,,,,2020-12-28
PWNM_TABOO,D001733,"- (질용좌제, 외용액제, 연고제, 에어로솔제) 태아나 신생아의 갑상선기능에 영향을 미치거나 갑상선종을 일으킬 수 있음- (가글제) 태아나 신생아의 TSH가 증가하여 일시적인 갑상선기능저하증을 일으킬 수 있음- (구강용 스프레이제) -",,,,2023-07-05
PWNM_TABOO,D001489,임부금기,,,,2020-12-28
PWNM_TABOO,D001494,임부금기,,,,2020-12-28
PWNM_TABOO,D001479,임부금기,,,,2020-12-28
PWNM_TABOO,D001490,임부금기,,,,2020-12-28
PWNM_TABOO,D001731,- 건강한 피부를 통해 요오드가 작은 양이라도 흡수되므로 치료상 유익성과 태아 갑상선기능에 대한 영향의 가능성 비교 검토 필,,,,2023-07-05
PWNM_TABOO,D001507,임부금기,,,,2020-12-28
PWNM_TABOO,D001500,임부금기,,,,2020-12-28
PWNM_TABOO,D001488,임부금기,,,,2020-12-28
PWNM_TABOO,D001509,임부금기,,,,2020-12-28
PWNM_TABOO,D001492,임부금기,,,,2020-12-28
PWNM_TABOO,D001487,임부금기,,,,2020-12-28
PWNM_TABOO,D001727,"- 임부에 대한 안전성 미확립. - 임신 기간 동안 노출된 신생아, 특히 미숙아는 과량의 요오드가 갑상선 기능 저하증을 유발할 수 있으므로 갑상선 기능 모니터링이 권장됨.",,,,2023-07-05
PWNM_TABOO,D001617,-,,,,2023-07-05
PWNM_TABOO,D001294,"- 임부에 대한 안전성 미확립- 동물실험에서 생식독성 보고- 동물실험 최고용량에서 초기 배아 사망이 근소하게 증가함. 임신 중기 투여는 모체 체중 및 태자 성장 감소를 초래하고, 랫드 늑골에서의 불분명한 영향 및 토끼에서의 골격 변이가 함께 나타남",,,,2024-10-11
PWNM_TABOO,D001493,임부금기,,,,2020-12-28
PWNM_TABOO,D001694,- 랫트에서 태자 착상 후 손실 증가 및 중량 감소 관찰됨.,,,,2023-07-05
PWNM_TABOO,D001649,"- 동물실험에서 유산, 낙태, 태자 손상, 기형 관찰",,,,2023-07-05
PWNM_TABOO,D001737,"- 국소 투여한 레티노이드계 약물의 흡수가 증가될 수 있으므로 임신 중 사용하지 않음. - 동물실험에서 경구투여 시 태자 사망, 외부, 내장 및 골격기형과 같은 생식독성 관찰됨.",,,,2023-07-05
PWNM_TABOO,D001704,"- 동물실험에서 배태자 사망, 태자 체중 감소 및 기형 증가 관찰됨.",,,,2023-07-05
PWNM_TABOO,D001741,- 임부에 대한 안전성 미확립,,,,2023-07-05
PWNM_TABOO,D001740,- 임부에 대한 안전성 미확립,,,,2023-07-05
PWNM_TABOO,D001699,"-토끼에서 유산, 배태자 사망(흡수 증가), 태자 이상 관찰됨",,,,2023-07-05
PWNM_TABOO,D001644,"- 동물실험에서 생식독성, 태자의 골격변형, 배태자 치사율 증가, 난산, 체중감소, 출생 후 생존률 감소 관찰",,,,2023-07-05
PWNM_TABOO,D001724,"- 동물실험에서 사산 및 출산 후 출생자 사망 증가, 태자 발달 지연(체중 감소 및 골화 지연) 관찰",,,,2023-07-05
PWNM_TABOO,D001736,"- 동물실험에서 유산, 흡수 증가, 심장 및 주요 혈관 기형, 새끼의 체중 증가량 감소, 새끼 치사율 증가 관찰",,,,2023-07-05
PWNM_TABOO,D000694,"이 약 사용 중 임신 사실을 알게 되거나,임신되면 복용을 바로 중단함.대량 복용 시, 태아의 위험 가능성을 완전히 배제할 수 없음",,,,2024-06-25
PWNM_TABOO,D001648,- 임부에 대한 안전성 미확립,,,,2023-07-05
PWNM_TABOO,D001748,"- 임부에 대한 안전성 미확립- 랫드에서 자손의 생존율과 생존능력 감소와연관 있는 분만 지연을 유발하고, 태아 체중감소가 관찰됨",,,,2024-06-25
PWNM_TABOO,D001755,"- 임부에 대한 안전성 미확립- 동물실험에서 내부 수두증, 팽창된 수뇨관,생존 가능 태자 수 감소, 조기 및 후기 흡수횟수 증가, 태아 체중 감소, 폐와 심혈관계내장 기형, 척추뼈, 갈비뼈 및 흉골분절의골격 기형, 흉골분절 융합, 골격 골화 지체가 관찰됨",,,,2024-06-25
PWNM_TABOO,D001700,"- 임부에 대한 안전성 미확립- 작용기전에 따른 태아 손상 가능성 있음. 동물실험에서 배태자 사망과 최기형성을 유발한 JAK 저해제군에 속함- 랫드에서 착상 후 손실, 태아 체중 감소, 골격 변이를 포함한 배태자의 독성과 관련됨",,,,2024-06-25
PWNM_TABOO,D001757,"- 임부에 대한 안전성 미확립- 동물실험에서 살아 있는 태자 수 감소, 태자체중 감소, 재흡수 증가, 착상 후 소실 증가, 골격 변이 증가, 갈비뼈 및 척추뼈 기형이 관찰됨",,,,2024-06-25
PWNM_TABOO,D001746,"-임부에 대한 안전성 미확립. - 동물실험에서 기형(골격 및 내장), 골격 변화 증가, 배태자 사망률 증가, 태자 체중 감소가 관찰됨",,,,2024-06-25
PWNM_TABOO,D001759,"- 임부에 대한 안전성 미확립- 동물실험에서 생식독성을 나타냄- 랫드의 배태아 발달 실험에서 배아 독성을 일으킴. 이 약은 현저한 모체 체중 감소 및 배아 생존과 성장 감소를 야기함. 태아의 경우, 장골, 늑골, 척추, 꼬리, 혈관 및 뇌실에 대한 영향을 포함한 주요 골격 및 내장 기형이 관찰됨- 토끼 및 사이노몰거스 원숭이의 발달 독성 실험에서 유산 증가 및 약간의 태아 이상 발생률 증가가 관찰됨- 사이노몰거스 원숭이의 출생 후 성장 및 발달 평가에서 영아는 분만 시 약간 더 작았음",,,,2024-10-11
PWNM_TABOO,D001743,"- 임부에 대한 안전성 미확립- 동물실험에서 태아 체중 감소, 골화 지연,태반 무게 감소, 내장 및 골격 변이(경미한부종, 짧은 탯줄, 약간 확대된 천문, 귓바퀴풀림 지연), 희귀 기형(중복 대동맥궁)을 포함한 복잡한 기형, 새끼 사망률 증가, 새끼에서 약간 증가된 운동 활동, 초기 배아 독성 징후(착상 후 손실 증가 및 생존 가능한태아 수 감소)가 관찰됨",,,,2024-06-25
PWNM_TABOO,D001758,- 임부에 대한 안전성 미확립,,,,2024-06-25
PWNM_TABOO,D001713,양수과소증(치명적인 폐형성저하증 초래)과 관련있는 태아의 신장 발달 및/또는 기능 장애 보고.,,,,2024-06-25
PWNM_TABOO,D001756,- 동물실험(랫드)에서 태아로의 이행이 보고됨,,,,2024-06-25
PWNM_TABOO,D001744,"- 임부에 대한 안전성 미확립- 동물실험에서 배태자 사망률 증가, 출생자발육 지연이 관찰됨",,,,2024-06-25
PWNM_TABOO,D001745,- 임부에 대한 안전성 미확립- 랫드에서 태아로의 이행이 보고됨,,,,2024-06-25
PWNM_TABOO,D001716,- 임부에 대한 안전성 미확립- 작용기전에 따른 태아 위해 가능성 있음. 동물실험에서 PD-L1 신호전달을 차단하면 태아에 대한 모체의 면역 관용이 저해되어 태아 소실이 증가함. 사람 면역글로불린(IgG4)는 태반 장벽을 통과하므로 이 약이 태아에게 전달될 가능성 있음,,,,2024-06-25
PWNM_TABOO,D001701,"- 동물실험에서 난산, 태아 체중 감소 및 골화 지연 관찰됨.",,,,2023-07-05
PWNM_TABOO,D001508,임부금기,,,,2020-12-28
PWNM_TABOO,D001734,- 랫트에서 조기 재흡수 증가,,,,2023-07-05
PWNM_TABOO,D001735,- 임부에 대한 안전성 미확립,,,,2023-07-05
PWNM_TABOO,D001742,- 임부에 대한 안전성 미확립. - 토끼에서 태자독성 관찰됨.,,,,2023-07-05
PWNM_TABOO,D000493,-,,,,2025-07-14
PWNM_TABOO,D001315,-,,,,2025-07-14
PWNM_TABOO,D001098,-,,,,2025-07-14
PWNM_TABOO,D001703,"- 임부에 대한 안전성 미확립 - 동물실험에서 치명적인 심장 기형, 착상 후 태자소실, 모체독성, 이유전 체중 감소, 이상 안구 소견(백내장, 동출된 눈 등) 관찰",,,,2025-07-14
PWNM_TABOO,D001693,"- 임부에 대한 안전성 미확립 - 동물실험에서 이상 발달 결과(구조적 이상, 배태자 사망 및 성장변화 포함) 관찰",,,,2025-07-14
PWNM_TABOO,D001795,- 임부에 대한 안전성 미확립 - 작용기전(VEGF 억제)에 근거하여 최기형성 및 배태자 독성이 있음,,,,2025-07-14
PWNM_TABOO,D001787,- 임부에 대한 안전성 미확립 - 동물실험에서 생존 태자수 감소 및 착상 후 손실 증가 관찰,,,,2025-07-14
PWNM_TABOO,D001783,"- 임부에 대한 안전성 미확립 - 동물실험에서 배태자 사망, 비정상/지연 골화, 내장 및 대혈관 이상 등 관찰",,,,2025-07-14
PWNM_TABOO,D001764,- 임부에 대한 안전성 미확립 - 동물실험에서 태자 체중 저하 및 골화부전 관찰,,,,2025-07-14
PWNM_TABOO,D001794,- 임부에 대한 안전성 미확립 - 작용 기전에 따라 임신 유지에 영향을 미칠 가능성이 있으며 임부에게 투여 시 태아에 악영향을 줄 수 있음 - 동물실험에서 CTLA-4 차단은 재흡수 증가 및 태자수를 감소,,,,2025-07-14
PWNM_TABOO,D001765,"- 임부에 대한 안전성 미확립 - 동물실험에서 생식 독성(태아의 외부, 내장 및 골격기형 발생률 증가, 내장 및 골격 발달 변동 발생률 증가, 체중 감소) 관찰",,,,2025-07-14
PWNM_TABOO,D001796,- 임부에 대한 안전성 미확립 - 인간 lgG 항체는 태반 장벽을 통과하여 모체에서 발달 중인 태아로 전파,,,,2025-07-14
PWNM_TABOO,D001650,"- 임부에 대한 안전성 미확립 - 사람에서 Ritonavir의 태반 전달 및 태아 노출 관찰 - 동물실험에서 골화지연, 발달 변이, 태자 체중 감소 관찰",,,,2025-07-14
PWNM_TABOO,D001788,- 임부에 대한 안전성 미확립,,,,2025-07-14
PWNM_TABOO,D001789,- 임부에 대한 안전성 미확립,,,,2025-07-14
PWNM_TABOO,D001790,- 임부에 대한 안전성 미확립,,,,2025-07-14
PWNM_TABOO,D001792,"- 동물실험에서 태반 통과, 높은 사산 지수, 낮은 정상 출산 지수 및 태자의 낮은 체중 관찰",,,,2025-07-14
PWNM_TABOO,D001786,"- 임부에 대한 안전성 미확립 - 동물실험 태자 체중 감소, 내부장기 및 골격 변이 등 발생독성 관찰",,,,2025-07-14
PWNM_TABOO,D001793,"- 임부에 대한 안전성 미확립 - 동물실험에서 PD-1/PD-L1 신호 전달 차단은 태아에 대한 내성 방해, 태아 손실 증가 유발 - 인간 lgG4는 태반 장벽을 통과하여 태아에게 전달 가능성 있음",,,,2025-07-14
PWNM_TABOO,D001763,"- 임부에 대한 안전성 미확립 - 임신 3기 동안 항정신병 약물에 노출된 신생아에서 추체외로 및/또는 금단 증상 보고(초조, 근긴장 항진증, 근긴장 저하증, 진정, 졸림, 호흡 곤란, 섭식 장애 포함)",,,,2025-07-14
PWNM_TABOO,D001791,- 임부에 대한 안전성 미확립 - 인간 lgG 항체는 태반 벽을 통과 모체로부터 발달 중인 태아로 전달,,,,2025-07-14
PWNM_TABOO,D001766,- 임부에 대한 안전성 미확립 - 동물실험에서 배아독성과 최기혈성이 나타남,,,,2025-07-14
PWNM_TABOO,D001784,"- 임부에 대한 안전성 미확립 - 태아 독성 가능성 - 동물실험에서 태자 이상 소견(재흡수 증가, 생존 태자 백분율 감소, 태자의 골격, 장관, 외모 기형, 태자 체중감소, 태자 골화 지연)과 모체 체중 감소가 나타남",,,,2025-07-14
PWNM_TABOO,D001815,- 임부에 대한 안전성 미확립- 임부에게 대량 또는 장기간에 걸친 광범위한 사용 피할 것,,,,2025-12-23
PWNM_TABOO,D001847,임부에 대한 안전성 미확립,,,,2026-07-21
PWNM_TABOO,D000764,(정제) - 임부에 대한 안전성 미확립 (관장제) -,,,,2025-07-14
PWNM_TABOO,D001108,-,,,,2025-07-14
PWNM_TABOO,D001845,임부에 대한 안전성 미확립,,,,2026-07-21
PWNM_TABOO,D001843,임부금기,,,,2026-07-21
PWNM_TABOO,D001770,임부금기,,,,2026-07-21
PWNM_TABOO,D001848,임부에 대한 안전성 미확립,,,,2026-07-21
PWNM_TABOO,D001844,임부금기,,,,2026-07-21
PWNM_TABOO,D001800,-,,,,2025-07-14
PWNM_TABOO,D001813,"- 임신 3기에 사용 시 출산 지연, 출산시 실혈, 신생아 출혈, 태아의 심폐독성(동맥관 조기폐쇄를 수반하는 폐고혈압), 신기능 저하로 양수과소증을 수반하는 신부전 발생 가능",,,,2025-12-23
PWNM_TABOO,D001839,"-임부에 대한 안전성 미확립. 임부에게 투여 시 태아 독성의 가능성이 있음. 랫트에서 불완전하거나 지연된 골형성, 골격 변화, 태아 체중 감소가 관찰되었고, 작은 안구증, 태아 부종, 위치 이상 신장, 지속적인 동맥간존속을 포함하는 기형이 관찰됨",,,,2026-07-21
PWNM_TABOO,D001828,"-임부에 대한 안전성 미확립. 동물실험에서 생식 독성을 보임. 동물실험에서 살아 있는 태아의 감소와 조기 유산 증가 및 착상 후 소실이 관찰됨. 출산 전후 발달 독성시험에서 새끼의 생존 감소, 발달 과정 지연(귓바퀴 분리, 눈뜨기 및 포피 분리)과 관련된 체중 증가 감소 있었음",,,,2026-07-21
PWNM_TABOO,D001814,- 임부에 대한 안전성 미확립,,,,2025-12-23
PWNM_TABOO,D001833,-임부에 대한 안전성 미확립,,,,2026-07-21
PWNM_TABOO,D001824,"-임부에 대한 안전성 미확립. 랫트 및 토끼에서 모체의 체중 및 사료 섭취량 감소, 위의 부종이 관찰되었고 토끼에서는 이에 따른 부차적 영양실조로 인한 유산과 사망 발생함. 토끼에서 착상 후 소실률 증가 및 암수 태자 몸무게의 감소가 관찰되었고, 태자의 과잉늑골 및 요추수 증가 등이 확인됨",,,,2026-07-21
PWNM_TABOO,D001827,"-임부에 대한 안전성 미확립. 임부에게 투여 시 태아에 위험을 일으킬 수 있음. 랫트에서 배태자 사망, 태자 체중 감소를 포함한 유해한 발달 결과가 나타남. 랫트에서 모체독성(체중 증가 감소 및 음식 섭취 감소, 혈당 증가) 나타남",,,,2026-07-21
PWNM_TABOO,D001834,"-임부에 대한 안전성 미확립. 동물시험 시 생식독성이 확인됨, 원숭이에서 유산 또는 사산이 통계적으로 유의하게 증가함",,,,2026-07-21
PWNM_TABOO,D001830,-임부에 대한 안전성 미확립,,,,2026-07-21
PWNM_TABOO,D001838,-임부에 대한 안전성 미확립. 모체의 사람면역글로블린(IgG)은 임신 첫 3개월 후에 태반을 통과하는 것으로 알려져 있음. 작용기전에 따라 임부에 투여 시 태아에 유해할 수 있음,,,,2026-07-21
PWNM_TABOO,D001835,-임부에 대한 안전성 미확립. 혈중 LDL-C와 콜레스테롤을 감소시킴,,,,2026-07-21
PWNM_TABOO,D001840,-임부에 대한 안전성 미확립. 모체의 IgG는 임신 첫 3개월 이후에 태반을 통과하는 것으로 알려져 있어 이 약은 임부에서 발달 중인 태아에게 전달될 가능성이 있음. 작용기전에 따라 임부에게 투여 시 태아가 위험할 수 있음,,,,2026-07-21
PWNM_TABOO,D001831,-임부에 대한 안전성 미확립,,,,2026-07-21
PWNM_TABOO,D001841,-임부에 대한 안전성 미확립. 마우스에서 태반 장벽 통과함,,,,2026-07-21
PWNM_TABOO,D001836,"-임부에 대한 안전성 미확립. 랫트 및 토끼에서 태자 체중감소와 내장기형, 골격기형 및 변형, 모체독성(체중감소)이 발생하였고, 출생 후 생존율 감소 및 두 성별 모두에서 성적 성숙지연과 상관관계 있음",,,,2026-07-21
PWNM_TABOO,D001837,"-임부에 대한 안전성 미확립. 랫트에서 태자 체중의 최소 감소가 관찰됨. 토끼에서 자연 유산 관찰됨. 토끼에서 모체 독성을 유발하여 모든 출생자 사망 사례 발생, 출생자 체중 감소 및 성적 성숙 지연, 출생자 사망률 증가 초래됨",,,,2026-07-21
PWNM_TABOO,D001822,"-임부에 대한 안전성 미확립. 랫트에서 모체 체중 및 체중증가량 감소, 태자 및 태반 무게 감소가 관찰됨. 랫트의 차세대에서 암수 체중 감소 및 천골 및 꼬리 척추의 골화 부위 수 감소 등이 관찰됨. 암컷 토끼에서 임신 18일차에 사망한 1례가 있음",,,,2026-07-21
PWNM_TABOO,D001842,"-임부에 대한 안전성 미확립. 이 백신과 동일한 RSVPreF3 항원을 함유하는 임상시험용 비면역증강 RSV 백신을 3,557명의 임부에 투여한 단일 임상시험에서 위약군과 비교하여 조산 증가가 관찰됨",,,,2026-07-21
PWNM_TABOO,D001832,-임부에 대한 안전성 미확립,,,,2026-07-21
AGE_TABOO,D000440,생명을 위협하는 경우를 제외하고는 3세 미만 소아에 사용하지 말 것,0,3.0,세,2014-01-09
AGE_TABOO,D000026,안전성 및 유효성 미확립,,,,2014-01-09
AGE_TABOO,D000276,- 안전성 및 유효성 미확립- 페노치아진계 약물을 소아에 투여한 경우 추체외로증상 특히 운동장애가 나타나기 쉬움,,,,2014-01-09
AGE_TABOO,D000374,"진정 또는 수면 무호흡증, 경련, 흥분 등 중추신경증상을 일으킬 수 있음",,,,2014-01-09
AGE_TABOO,D000479,"소아는 체중당 체표면적의 비율이 성인보다 커서 코르티코이드로 인해 HPA축(시상하부-뇌하수체-부신 축) 억제, 쿠싱증후군, 발육장애, 두개내압항진 등이 나타나기 쉬움",,,,2014-01-09
AGE_TABOO,D000584,추체외로증상 특히 운동장애가 나타나기 쉬움,,,,2014-01-09
AGE_TABOO,D000506,벤질알코올은 조숙아에서 치명적인 가쁜 호흡증상과 연관이 있는 것으로 보고됨,,,,2014-01-09
AGE_TABOO,D000142,"- 안전성 및 유효성 미확립- 퀴놀론계 항균제는 몇몇 어린 동물종에서 특히 체중부하부위의 관절병증, 뼈연골증을 유발함",,,,2014-01-09
AGE_TABOO,D000551,안전성 및 유효성 미확립,,,,2014-01-09
AGE_TABOO,D000293,영아에 대해 독성이 빈번하게 발생,,,,2014-01-09
AGE_TABOO,D000656,"- 심각한 전신 부작용 위험이 있음 - 조산아, 영아, 다운증후군, 강직마비 또는 뇌손상 어린이는 이 약의 전신흡수에 따른 중추신경계 장애, 심폐 및 위장관 독성에 감수성이 있음",,,,2023-07-05
AGE_TABOO,D000025,"- 영아, 유아, 경련성 마비 또는 뇌손상이 있는 소아에서 이 약의 감수성 증가가 보고됨- 신생아에 투여 시 음식섭취 과민증(feeding intolerance)이 뒤따를 수 있으므로 투여 후 4시간 동안 음식섭취 억제 필요",,,,2014-01-09
AGE_TABOO,D000647,안전성 및 유효성 미확립,,,,2014-01-09
AGE_TABOO,D000438,안전성 및 유효성 미확립,,,,2014-01-09
AGE_TABOO,D000147,"-소아 및 고령자(노인)는 최소 필요량을 복용하고 이상반응에 유의- 과도한 체온강하, 허탈, 사지냉각 등이 나타날 수 있음",,,,2014-01-09
AGE_TABOO,D000149,안전성 및 유효성 미확립,,,,2014-01-09
AGE_TABOO,D000724,_,,,,2014-01-09
AGE_TABOO,D000641,"- 안전성 및 유효성 미확립- 시판 후 조사에서 이 약을 투여 받은 영아에서 무호흡, 서맥, 혼수, 저혈압, 저체온, 근육긴장저하, 기면, 창백, 호흡억제, 졸음이 보고됨",,,,2014-01-09
AGE_TABOO,D000648,_,,,,2014-01-09
AGE_TABOO,D000030,안전성 및 유효성 미확립,,,,2014-01-09
AGE_TABOO,D000696,안전성 및 유효성 미확립,,,,2014-01-09
AGE_TABOO,D000552,안전성 및 유효성 미확립,,,,2014-01-09
AGE_TABOO,D000331,안전성 및 유효성 미확립,,,,2014-01-09
AGE_TABOO,D000090,안전성 유효성 미확립,,,,2014-01-09
AGE_TABOO,D000089,안전성 및 유효성 미확립,,,,2014-01-09
AGE_TABOO,D000296,소아에 항히스타민제 투여 시 paradoxical excitation 유발 가능,,,,2014-01-09
AGE_TABOO,D000503,"소아 등 (특히 치아 형성기인 12세 미만의 소아)에 투여 시, 치아의 착색？법랑질 형성 부전, 또는 일과성 골발육 부전을 일으킬 수 있음",0,12.0,세,2014-01-09
AGE_TABOO,D000534,"- 안전성 및 유효성 미확립- 다른 퀴놀론계 항균제는 몇몇 어린 동물종에서 관절병증, 뼈연골증을 유발함",,,,2014-11-04
AGE_TABOO,D000576,신장 및 심장에 심각한 손상 가능성 보고(FDA 안전성 정보 (FDA Drug Safety Communication)(‘14.1.8) ),,,,2015-04-23
AGE_TABOO,D000430,안전성 및 유효성 미확립,,,,2014-11-04
AGE_TABOO,D000088,안전성 및 유효성 미확립,,,,2014-01-09
AGE_TABOO,D000598,"- 안전성 및 유효성 미확립- 18세 미만의 환자에는 성선(性腺), 특히 난소에의 피폭이 많으므로 투여하지 않는 것이 원칙임",0,18.0,세,2014-01-09
AGE_TABOO,D000489,염색체 이수성(염색체 수 또는 배열이상) 초래 가능성 보고(식약처 안전성서한2013-11-27),,,,2014-11-04
AGE_TABOO,D000170,"- 안전성 및 유효성 미확립- 퀴놀론계 항균제는 몇몇 어린 동물종에서 관절병증, 뼈연골증을 유발",,,,2014-01-09
AGE_TABOO,D000638,"- 안전성 및 유효성 미확립- 소아 임상 시험에서 자살생각(suicidal ideation)의 이상반응이 관찰됨. 적개심 및 특히 주요 우울 장애의 경우, 자해(self-harm)의 보고 증가",,,,2014-01-09
AGE_TABOO,D000065,안전성 및 유효성 미확립,,,,2014-01-09
AGE_TABOO,D000610,안전성 및 유효성 미확립,,,,2014-01-09
AGE_TABOO,D000569,_,,,,2014-01-09
AGE_TABOO,D000589,안전성 및 유효성 미확립,,,,2014-11-04
AGE_TABOO,D000668,안전성 및 유효성 미확립,,,,2014-01-09
AGE_TABOO,D000490,- 안전성 및 유효성 미확립- 생후 초기 발달 동안 기관 성장 및 성숙에 중대한 영향을 미침,,,,2015-04-23
AGE_TABOO,D000395,안전성 및 유효성 미확립,,,,2015-04-23
AGE_TABOO,D000663,_,,,,2015-04-23
AGE_TABOO,D000182,"치아발달기의 환자(임신 후반기, 영아 및 8세 이하의 소아)에게 이 약을 사용할 경우 영구적인 치아 변색을 유발할 수 있음",8.0,200,세,2014-01-09
AGE_TABOO,D000505,안전성 및 유효성 미확립,,,,2014-01-09
AGE_TABOO,D000271,"- 안전성 및 유효성 미확립- 현기증, 두통, 환각을 포함한 정신 신경계 이상반응이 위약군에 비해 흔하게 나타남",,,,2014-01-09
AGE_TABOO,D000177,코데인이 모르핀으로 대사되는 과정이 다양하고 예측 불가능하여 모르핀으로 인한 독성이 나타날 위험이 있음,,,,2014-11-04
AGE_TABOO,D000092,코데인이 모르핀으로 대사되는 과정이 다양하고 예측불가능하여 모르핀으로 인한 독성이 나타날 위험이 있음,,,,2014-01-09
AGE_TABOO,D000557,_,,,,2014-01-09
AGE_TABOO,D000097,"- 안전성 및 유효성 미확립- 조산아에 펜타닐, 판쿠로늄, 아트로핀이 포함된 응급마취 및 수술 시 메트헤모글로빈혈증이 드물게 보고됨",,,,2014-01-09
AGE_TABOO,D000106,안전성 및 유효성 미확립,,,,2014-01-09
AGE_TABOO,D000222,_,,,,2014-01-09
AGE_TABOO,D000672,_,,,,2014-01-09
AGE_TABOO,D000302,- 안전성 및 유효성 미확립- 동물실험에서 벤세라지드에 의해 골격기형이 나타남,,,,2014-01-09
AGE_TABOO,D000793,"- 안전성 및 유효성 미확립- 퀴놀론계 항균제는 몇몇 어린 동물종에서 관절병증, 뼈연골증을 유발",,,,2014-01-09
AGE_TABOO,D000709,- 흡수에 대한 자료가 불완전하므로 소아의 생식기 점막에는 적용하지 말 것- 메트헤모글로빈의 일시적 증가 보고,,,,2014-01-09
AGE_TABOO,D000274,안전성 및 유효성 미확립,,,,2014-01-09
AGE_TABOO,D000708,_,,,,2014-01-09
AGE_TABOO,D000419,안전성 및 유효성 미확립,,,,2014-01-09
AGE_TABOO,D000427,_,,,,2014-01-09
AGE_TABOO,D000523,- 안전성 및 유효성 미확립- 몇몇 어린 동물종을 이용한 동물실험결과 관절이상이 보고됨,,,,2014-01-09
AGE_TABOO,D000218,벤질알코올은 조숙아에서 치명적인 가쁜 호흡증상과 연관이 있는 것으로 보고됨,,,,2014-01-09
AGE_TABOO,D000425,추체외로장애 위험성 증가,,,,2014-01-09
AGE_TABOO,D000466,안전성 및 유효성 미확립,,,,2014-01-09
AGE_TABOO,D000307,_,,,,2014-01-09
AGE_TABOO,D000210,_,,,,2023-07-05
AGE_TABOO,D000781,추체외로증상 특히 운동장애가 나타나기 쉬움,,,,2014-01-09
AGE_TABOO,D000605,"- 안전성 및 유효성 미확립- 퀴놀론계 항균제는 몇몇 어린 동물종에서 관절병증, 뼈연골증을 유발함",,,,2014-01-09
AGE_TABOO,D000127,"소아 등(특히 치아 형성기인 12세 미만의 소아)에 투여 시, 치아의 착색·법랑질 형성 부전, 또는 일과성 골발육 부전을 일으킬 수 있음",0,12.0,세,2014-01-09
AGE_TABOO,D000666,- 안전성 및 유효성 미확립- 몇몇 어린 동물종에서 관절이상을 유발함,,,,2014-01-09
AGE_TABOO,D000309,벤질알코올은 조숙아에게서 치명적인 가쁜 호흡증상과 연관이 있는 것으로 보고됨,,,,2014-01-09
AGE_TABOO,D000424,"- 안전성 및 유효성 미확립- 퀴놀론계 항균제는 몇몇 어린 동물종에서 관절병증, 뼈연골증을 유발함",,,,2014-01-09
AGE_TABOO,D000631,-,,,,2014-01-09
AGE_TABOO,D000418,안전성 및 유효성 미확립,,,,2014-01-09
AGE_TABOO,D000326,안전성 및 유효성 미확립,,,,2014-01-09
AGE_TABOO,D000633,"소아는 체중당 체표면적의 비율이 성인보다 커서 코르티코이드로 인해 HPA축(시상하부-뇌하수체-부신 축) 억제, 쿠싱증후군, 발육장애, 두개내압항진 등이 나타나기 쉬움",,,,2014-01-09
AGE_TABOO,D000108,- 안전성 및 유효성 미확립- 영아의 면역기계 발달에 미치는 영향은 알려지지 않았음,,,,2014-01-09
AGE_TABOO,D000246,_,,,,2014-01-09
AGE_TABOO,D000128,_,,,,2014-01-09
AGE_TABOO,D000357,"(정제)- 안전성 및 유효성 미확립- 체중증가, 진정, 총콜레스테롤, 중성지방, LDL콜레스테롤, 프로락틴과 간 아미노트랜스퍼라제 수치가 성인에 비해 증가(주사제)- 안전성 및 유효성 미확립",,,,2014-01-09
AGE_TABOO,D000229,안전성 및 유효성 미확립,,,,2014-01-09
AGE_TABOO,D000783,"두개내압을 상승시켜 두통, 구토 등의 증상이 나타날 수 있음",,,,2014-01-09
AGE_TABOO,D000356,안전성 및 유효성 미확립,,,,2014-01-09
AGE_TABOO,D000701,안전성 및 유효성 미확립,,,,2014-01-09
AGE_TABOO,D000795,안전성 및 유효성 미확립,,,,2014-01-09
AGE_TABOO,D000064,"소아 등(특히 치아 형성기인 12세 미만의 소아)에 투여 시, 치아의 착색？법랑질 형성 부전, 또는 일과성 골발육 부전을 일으킬 수 있음",0,12.0,세,2014-01-09
AGE_TABOO,D000546,고빌리루빈혈증을 일으킬 수 있음,,,,2014-01-09
AGE_TABOO,D000446,"- 안전성 및 유효성이 미확립- 미숙아, 신생아(생후 2개월이내)는 핵황달을 일으킬 가능성 증가",0.16666666666666666,200,세,2014-01-09
AGE_TABOO,D000280,소아 용량이 설정되어 있지 않음,,,,2014-01-09
AGE_TABOO,D000586,_,,,,2014-01-09
AGE_TABOO,D000816,_,,,,2014-01-09
AGE_TABOO,D000681,안전성 및 유효성 미확립,,,,2014-01-09
AGE_TABOO,D000384,_,,,,2014-01-09
AGE_TABOO,D000727,- 안전성 및 유효성 미확립- 고빌리루빈혈증을 일으킬 수 있음,,,,2014-01-09
AGE_TABOO,D000633,- 소아 환자에게 비강 코르티코스테로이드의 투여에 대한 임상시험에서 성장속도가 감소될 수 있다는 결과 나타남- 2세 미만에서 안전성 및 유효성 미확립,0,2.0,세,2017-11-06
AGE_TABOO,D000380,안전성 및 유효성 미확립,,,,2014-01-09
AGE_TABOO,D000193,_,,,,2014-01-09
AGE_TABOO,D000181,_,,,,2014-01-09
AGE_TABOO,D000484,- 안전성 및 유효성 미확립- 일반적으로 골육종 발현 위험이 높을 수 있음,,,,2014-01-09
AGE_TABOO,D000279,안전성 및 유효성 미확립,,,,2014-01-09
AGE_TABOO,D000183,_,,,,2014-01-09
AGE_TABOO,D000184,안전성 및 유효성 미확립,,,,2014-01-09
AGE_TABOO,D000890,소아 및 18세 미만의 청소년의 주요우울장애의 치료에는 사용해서는 안 됨.만 7세에서 17세까지의 주요우울장애 환자에서 플루옥세틴 군보다 이상사례(주로 오심)로 인한 중단 및 자살행동 높음.,0,18.0,세,2016-12-30
AGE_TABOO,D001058,Nitrofuran계 항생제는 글루타티온 환원효소 억제로 인한 용혈성 빈혈 위험이 있음,,,,2017-11-06
AGE_TABOO,D000329,"신생아 및 영아는 칼슘채널 차단제의 감수성이 높고, 서맥, 심장마비 등을 일으킬 위험이 있음신생아 및 영아에게 이 약을 투여했을 때 심각한 서맥과 저혈압, 심장마비 등이 나타났다는 보고가 있음",,,,2017-11-06
AGE_TABOO,D001154,소아에서 코르티코스테로이드 유발성 고안압증 위험이 더 높을 수 있고 성인보다 더 일찍 발생할 수 있음.,,,,2018-11-02
AGE_TABOO,D000323,소아 및 청소년에서의 사용 승인되지 않음.소아(7~17세) 임상시험에서 7% 이상 체중이 증가된 환자 비율이 위약군보다 높음.,17.0,200,세,2016-12-30
AGE_TABOO,D000903,(정제) 6세 미만의 유아에게는 정제가 아닌 액제를 투여할 것,0,6.0,세,2016-12-30
AGE_TABOO,D000773,소아에서 생명에 치명적인 호흡 억제 및 사망 발생,,,,2019-05-22
AGE_TABOO,D001010,소아 및 청소년에서의 사용 승인되지 않음.,,,,2016-12-30
AGE_TABOO,D001011,"소아에 대한 안전성 및 유효성이 확립되지 않았으므로, 소아에게 이 약을 투여하는 것은 권장되지 않음.",,,,2016-12-30
AGE_TABOO,D001059,"안전성 및 유효성 미확립퀴놀론계 항균제는 몇몇 어린 동물종에서 관절병증, 뼈연골증을 유발함",,,,2017-11-06
AGE_TABOO,D000903,"(액제) 1세 미만의 영아에 대한 사용 경험이 적어 투여하지 않음.1세 이상 6세 미만의 소아에 대한 임상시험 결과, 가장 흔하게 나타난 이상반응은 발열, 설사, 구토, 중이염이었음.",0,1.0,세,2016-12-30
AGE_TABOO,D001005,안전성 및 유효성 미확립,,,,2017-11-06
AGE_TABOO,D001152,특정연령대금기,,,,2018-11-02
AGE_TABOO,D001016,8세 미만에서 사용 권장되지 않음.,0,8.0,세,2016-12-30
AGE_TABOO,D000092,12세 미만 소아는 호흡억제 감수성이 큼.12세 미만 소아에서 사망을 포함하는 중증 호흡억제 위험이 크다는 국외 보고 있음.,0,12.0,세,2018-11-02
AGE_TABOO,D001068,신생아에게 마취 목적으로 투여 시 심장-호흡기계 억제 보고. 후두염 및 후두개염으로 진단된 소아에게 진정 목적으로 이 약을 장기간(3~5일) 투여 시 사망 보고,,,,2018-11-02
AGE_TABOO,D000893,-,,,,2025-07-14
AGE_TABOO,D001733,-,,,,2025-12-23
AGE_TABOO,D001518,특정연령대금기,,,,2020-12-28
AGE_TABOO,D000033,65세 이상에서 안전성 및 유효성 미확립. 연령이 높아질 수록 신장기능이 저하되어 이 약이 축적될 수 있음.,65.0,200,세,2019-05-22
AGE_TABOO,D001521,특정연령대금기,,,,2020-12-28
AGE_TABOO,D001416,소아에 대한 안전성 및 유효성 미확립동물실험(랫트)에서 지속적으로 성장하는 전치에 대한 영향 보고,,,,2020-12-28
AGE_TABOO,D000393,- 안전성 및 유효성 미확립,,,,2025-12-23
AGE_TABOO,D001822,- 안전성 및 유효성 미확립,,,,2026-07-21
CPCTY_ATENT,D000176,용량주의,,,,2013-07-03
CPCTY_ATENT,D000540,용량주의,,,,2013-11-28
CPCTY_ATENT,D000398,용량주의,,,,2013-07-03
CPCTY_ATENT,D000621,용량주의,,,,2013-11-28
CPCTY_ATENT,D000456,용량주의,,,,2013-07-03
CPCTY_ATENT,D000086,용량주의,,,,2013-12-27
CPCTY_ATENT,D000427,용량주의,,,,2013-11-28
CPCTY_ATENT,D000152,용량주의,,,,2013-11-28
CPCTY_ATENT,D000358,용량주의,,,,2013-11-28
CPCTY_ATENT,D000220,용량주의,,,,2013-11-28
CPCTY_ATENT,D000592,용량주의,,,,2013-07-03
CPCTY_ATENT,D000784,용량주의,,,,2013-07-03
CPCTY_ATENT,D000794,용량주의,,,,2013-07-03
CPCTY_ATENT,D000363,용량주의,,,,2013-12-27
CPCTY_ATENT,D000454,용량주의,,,,2014-10-24
CPCTY_ATENT,D000433,용량주의,,,,2014-10-24
CPCTY_ATENT,D000436,용량주의,,,,2014-10-24
CPCTY_ATENT,D000554,용량주의,,,,2014-10-24
CPCTY_ATENT,D000370,용량주의,,,,2014-10-24
CPCTY_ATENT,D000197,용량주의,,,,2014-10-24
CPCTY_ATENT,D000273,용량주의,,,,2014-10-24
CPCTY_ATENT,D000404,용량주의,,,,2014-10-24
CPCTY_ATENT,D000212,용량주의,,,,2014-10-24
CPCTY_ATENT,D000543,용량주의,,,,2014-10-24
CPCTY_ATENT,D000011,용량주의,,,,2014-10-24
CPCTY_ATENT,D000752,용량주의,,,,2014-10-24
CPCTY_ATENT,D000259,용량주의,,,,2014-10-24
CPCTY_ATENT,D000785,용량주의,,,,2014-10-24
CPCTY_ATENT,D000701,용량주의,,,,2013-12-27
CPCTY_ATENT,D000103,용량주의,,,,2014-12-30
CPCTY_ATENT,D000536,용량주의,,,,2014-12-30
CPCTY_ATENT,D000473,용량주의,,,,2014-10-24
CPCTY_ATENT,D000740,용량주의,,,,2014-10-24
CPCTY_ATENT,D000329,용량주의,,,,2014-10-24
CPCTY_ATENT,D000419,용량주의,,,,2014-10-24
CPCTY_ATENT,D000306,용량주의,,,,2014-10-24
CPCTY_ATENT,D000510,용량주의,,,,2014-12-30
CPCTY_ATENT,D000219,용량주의,,,,2014-10-24
CPCTY_ATENT,D000388,용량주의,,,,2014-12-30
CPCTY_ATENT,D000518,용량주의,,,,2014-10-24
CPCTY_ATENT,D000501,용량주의,,,,2014-12-30
CPCTY_ATENT,D000271,용량주의,,,,2014-12-30
CPCTY_ATENT,D000056,용량주의,,,,2014-12-30
CPCTY_ATENT,D000440,용량주의,,,,2014-12-30
CPCTY_ATENT,D000466,용량주의,,,,2014-12-30
CPCTY_ATENT,D000113,용량주의,,,,2014-12-30
CPCTY_ATENT,D000774,용량주의,,,,2014-12-30
CPCTY_ATENT,D000584,용량주의,,,,2014-12-30
CPCTY_ATENT,D000213,용량주의,,,,2014-12-30
CPCTY_ATENT,D000343,용량주의,,,,2014-12-30
CPCTY_ATENT,D000353,용량주의,,,,2014-12-30
CPCTY_ATENT,D000139,용량주의,,,,2014-12-30
CPCTY_ATENT,D000516,용량주의,,,,2014-12-30
CPCTY_ATENT,D000792,용량주의,,,,2014-12-30
CPCTY_ATENT,D000336,용량주의,,,,2014-12-30
CPCTY_ATENT,D000627,용량주의,,,,2014-12-30
CPCTY_ATENT,D000422,용량주의,,,,2014-12-30
CPCTY_ATENT,D000018,용량주의,,,,2014-12-30
CPCTY_ATENT,D000318,용량주의,,,,2014-12-30
CPCTY_ATENT,D000689,용량주의,,,,2014-12-30
CPCTY_ATENT,D000229,용량주의,,,,2014-12-30
CPCTY_ATENT,D000425,용량주의,,,,2015-03-31
CPCTY_ATENT,D000222,용량주의,,,,2015-03-31
CPCTY_ATENT,D000140,용량주의,,,,2015-03-31
CPCTY_ATENT,D000550,아미카신 1.5g(역가),,1.5,g,2015-03-31
CPCTY_ATENT,D000044,용량주의,,,,2014-12-30
CPCTY_ATENT,D000782,용량주의,,,,2015-03-31
CPCTY_ATENT,D000010,반코마이신 2g(역가)(주사제의 경우 경구토여 시에 한함),,2.0,g,2025-11-27
CPCTY_ATENT,D000297,용량주의,,,,2015-03-31
CPCTY_ATENT,D000147,모든 제형,,,,2014-12-30
CPCTY_ATENT,D000203,용량주의,,,,2015-03-31
CPCTY_ATENT,D000078,용량주의,,,,2015-03-31
CPCTY_ATENT,D000489,용량주의,,,,2014-12-30
CPCTY_ATENT,D000143,용량주의,,,,2015-03-31
CPCTY_ATENT,D000482,용량주의,,,,2015-03-31
CPCTY_ATENT,D000023,용량주의,,,,2015-03-31
CPCTY_ATENT,D000730,용량주의,,,,2015-03-31
CPCTY_ATENT,D000277,용량주의,,,,2015-03-31
CPCTY_ATENT,D000448,용량주의,,,,2015-03-31
CPCTY_ATENT,D000288,용량주의,,,,2014-12-30
CPCTY_ATENT,D000549,용량주의,,,,2015-03-31
CPCTY_ATENT,D000426,용량주의,,,,2015-03-31
CPCTY_ATENT,D000195,용량주의,,,,2015-05-07
CPCTY_ATENT,D000802,용량주의,,,,2015-03-31
CPCTY_ATENT,D000773,용량주의,,,,2015-05-07
CPCTY_ATENT,D000309,용량주의,,,,2015-05-07
CPCTY_ATENT,D000463,용량주의,,,,2015-05-07
CPCTY_ATENT,D000729,세프트리악손 4g(역가),,4.0,g,2015-03-31
CPCTY_ATENT,D000722,용량주의,,,,2015-05-07
CPCTY_ATENT,D000060,용량주의,,,,2015-05-07
CPCTY_ATENT,D000525,용량주의,,,,2015-05-07
CPCTY_ATENT,D000274,용량주의,,,,2015-05-07
CPCTY_ATENT,D000101,용량주의,,,,2015-05-07
CPCTY_ATENT,D000650,용량주의,,,,2015-05-07
CPCTY_ATENT,D000287,용량주의,,,,2015-05-07
CPCTY_ATENT,D000321,용량주의,,,,2015-05-07
CPCTY_ATENT,D000289,용량주의,,,,2015-05-07
CPCTY_ATENT,D000553,용량주의,,,,2015-06-02
CPCTY_ATENT,D000079,용량주의,,,,2015-06-02
CPCTY_ATENT,D000506,디클로페낙나트륨 100mg 또는 디클로페낙칼륨 100mg,,100.0,mg,2015-08-17
CPCTY_ATENT,D000718,용량주의,,,,2015-06-02
CPCTY_ATENT,D000600,용량주의,,,,2015-06-02
CPCTY_ATENT,D000171,용량주의,,,,2015-05-07
CPCTY_ATENT,D000418,용량주의,,,,2015-06-02
CPCTY_ATENT,D000109,용량주의,,,,2015-06-02
CPCTY_ATENT,D000554,"에날라프릴 20mg, 히드로클로로티아지드 50mg",,20.0,mg,2013-07-03
CPCTY_ATENT,D000244,용량주의,,,,2015-06-02
CPCTY_ATENT,D000445,용량주의,,,,2015-06-02
CPCTY_ATENT,D000152,암로디핀 10mg/올메사탄메독소밀 40mg,,10.0,mg,2014-10-24
CPCTY_ATENT,D000670,용량주의,,,,2015-06-02
CPCTY_ATENT,D000383,용량주의,,,,2015-06-02
CPCTY_ATENT,D000177,용량주의,,,,2015-05-07
CPCTY_ATENT,D000207,용량주의,,,,2015-05-07
CPCTY_ATENT,D000218,용량주의,,,,2015-05-07
CPCTY_ATENT,D000671,"1일 최대용량 : 침강탄산칼슘 960mg, 글루콘산칼슘 960mg, 젖산칼슘 1,087.2mg, 에르고칼시페롤 0.472mg(복합제)",,960.0,mg,2013-12-27
CPCTY_ATENT,D000220,"로사르탄칼륨 100mg, 히드로클로로티아지드 25mg",,100.0,mg,2013-11-28
CPCTY_ATENT,D000868,용량주의,,,,2013-11-28
CPCTY_ATENT,D000356,"옥시코돈염산염 160mg, 날록손염산염 80mg",,160.0,mg,2017-02-16
CPCTY_ATENT,D000975,용량주의,,,,2015-05-07
CPCTY_ATENT,D000977,피록시캄으로서 20mg,,20.0,mg,2015-05-07
CPCTY_ATENT,D000852,"카페인무수물 600mg, 에르고타민타르타르산염 6mg",,600.0,mg,2015-05-07
CPCTY_ATENT,D000690,"글리벤클라미드 20mg/메트포르민염산염 2,000mg",,20.0,mg,2015-06-02
CPCTY_ATENT,D000543,"비소프롤롤푸마르산염 20mg, 히드로클로로티아지드 12.5mg",,20.0,mg,2014-10-24
CPCTY_ATENT,D000302,"레보도파 1,500mg, 카르비도파 375mg, 엔타카폰 2,000mg",,1500.0,mg,2014-12-30
CPCTY_ATENT,D000392,"글리메피리드 8mg/메트포르민염산염 2,000mg",,8.0,mg,2015-06-02
CPCTY_ATENT,D000959,용량주의,,,,2014-12-30
CPCTY_ATENT,D000866,용량주의,,,,2014-10-24
CPCTY_ATENT,D000978,용량주의,,,,2015-03-31
CPCTY_ATENT,D000046,"이르베사탄 300mg, 히드로클로로티아지드 25mg",,300.0,mg,2014-10-24
CPCTY_ATENT,D000600,"글리클라지드 320mg/메트포르민염산염 2,000mg",,320.0,mg,2015-06-02
CPCTY_ATENT,D000976,피록시캄으로서 20mg,,20.0,mg,2015-05-07
CPCTY_ATENT,D000718,"메트포르민 2,000mg, 제미글립틴 50mg",,2000.0,mg,2015-06-02
CPCTY_ATENT,D000358,"올메사르탄메독소밀 40mg, 로수바스타틴 20mg",,40.0,mg,2014-10-24
CPCTY_ATENT,D000177,"1일최대용량 : 코데인 120mg, 이부프로펜 2,400mg, 아세트아미노펜 3,000mg(복합제)",,120.0,mg,2015-05-07
CPCTY_ATENT,D000718,"메트포르민 2,500mg, 레파글리니드 10mg",,2500.0,mg,2015-06-02
CPCTY_ATENT,D000645,설박탐 4g(역가),,4.0,g,2015-03-31
CPCTY_ATENT,D000633,용량주의,,,,2018-01-03
CPCTY_ATENT,D000046,용량주의,,,,2018-08-31
CPCTY_ATENT,D000227,"메토카르바몰 3.2g, 아세트아미노펜 4g",,3.2,g,2014-12-30
CPCTY_ATENT,D001010,용량주의,,,,2017-02-16
CPCTY_ATENT,D000707,200㎍/25㎍,,200.0,mcg,2017-02-16
CPCTY_ATENT,D001015,62.5㎍/25㎍,,62.5,mcg,2017-02-16
CPCTY_ATENT,D001011,용량주의,,,,2017-02-16
CPCTY_ATENT,D001013,360MBq,,,,2017-02-16
CPCTY_ATENT,D001012,용량주의,,,,2017-02-16
CPCTY_ATENT,D001004,용량주의,,,,2017-02-19
CPCTY_ATENT,D001007,용량주의,,,,2017-02-16
CPCTY_ATENT,D001009,용량주의,,,,2017-02-16
CPCTY_ATENT,D001005,5μg/5μg(2번 분사),,,,2014-02-16
CPCTY_ATENT,D001008,용량주의,,,,2017-02-16
CPCTY_ATENT,D000893,클로르페니라민말레산염 24mg,,24.0,mg,2018-08-31
CPCTY_ATENT,D000276,용량주의,,,,2018-08-31
CPCTY_ATENT,D000374,용량주의,,,,2018-08-31
CPCTY_ATENT,D000882,비페리덴염산염 16mg,,16.0,mg,2018-08-31
CPCTY_ATENT,D000242,용량주의,,,,2026-06-09
CPCTY_ATENT,D001087,용량주의,,,,2018-08-31
CPCTY_ATENT,D000145,용량주의,,,,2018-08-31
CPCTY_ATENT,D000180,용량주의,,,,2018-08-31
CPCTY_ATENT,D000147,"1일 최대용량  : 아세트아미노펜 1,500mg / 슈도에페드린 180mg / 트리프롤리딘염산염 /7.5mg",,1500.0,mg,2018-08-31
CPCTY_ATENT,D000035,용량주의,,,,2018-08-31
CPCTY_ATENT,D000147,"아세트아미노펜 2600mg, 트라마돌염산염 300mg",,2600.0,mg,2018-08-31
CPCTY_ATENT,D000733,용량주의,,,,2018-08-31
CPCTY_ATENT,D000745,용량주의,,,,2018-08-31
CPCTY_ATENT,D000020,용량주의,,,,2018-08-31
CPCTY_ATENT,D000575,용량주의,,,,2018-08-31
CPCTY_ATENT,D001085,용량주의,,,,2018-08-31
CPCTY_ATENT,D001262,용량주의,,,,2019-06-21
CPCTY_ATENT,D000227,용량주의,,,,2018-08-31
CPCTY_ATENT,D001269,"메클리진염산염수화물 50mg,  카페인무수물  40mg,  스코폴라민브롬화수소산염수화물 0.4mg",,50.0,mg,2019-06-21
CPCTY_ATENT,D001262,"디멘히드리네이트 150mg,  카페인무수물 60mg,  피리독신염산염 15mg",,150.0,mg,2019-06-21
CPCTY_ATENT,D001276,"1일최대용량 : ""1주 100g(1일 약 15g, Calcipotriol로 1일 약 750㎍)""",,100.0,g,2019-06-21
CPCTY_ATENT,D001269,용량주의,,,,2019-06-21
CPCTY_ATENT,D000369,용량주의,,,,2018-08-31
CPCTY_ATENT,D001262,"디멘히드리네이트 70mg, 카페인무수물 60mg, 니코틴산아미드 40mg, 피리독신염산염 10mg, 스코폴라민브롬화수소산염수화물 0.5mg",,70.0,mg,2019-06-21
CPCTY_ATENT,D001269,"메클리진염산염수화물 75mg,  카페인무수물 75mg,  클로르페니라민말레산염 6mg,  피리독신염산염 30mg",,75.0,mg,2019-06-21
CPCTY_ATENT,D001275,용량주의,,,,2019-06-21
CPCTY_ATENT,D000382,용량주의,,,,2019-06-21
CPCTY_ATENT,D001006,용량주의,,,,2019-06-21
CPCTY_ATENT,D001082,용량주의,,,,2019-06-21
CPCTY_ATENT,D001276,1일최대용량 : 15g (Calcipotriol로 750㎍),,15.0,g,2019-06-21
CPCTY_ATENT,D000499,용량주의,,,,2019-06-21
CPCTY_ATENT,D001184,용량주의,,,,2019-06-21
CPCTY_ATENT,D000696,용량주의,,,,2019-06-21
CPCTY_ATENT,D001088,용량주의,,,,2018-08-31
CPCTY_ATENT,D001274,'비마토프로스트/티몰롤말레산염' 해당 제형(점안제)으로 1방울,,,,2019-06-21
CPCTY_ATENT,D000512,페소테로딘푸마르산염 8mg,,8.0,mg,2018-08-31
CPCTY_ATENT,D000047,용량주의,,,,2018-08-31
CPCTY_ATENT,D001278,해당 제형으로 4번 분사,,,,2019-06-21
CPCTY_ATENT,D000527,"(비판막성 심방세동 환자에서 뇌졸증 및 전신 색전증의 위험 감소) 리바록사반 20mg,  (심재성 정맥혈전증 및 폐색전증의 치료/심재성 정맥혈전증 및 폐색전증의 재발 위험 감소) 리바록사반 30mg",,20.0,mg,2019-06-21
CPCTY_ATENT,D000407,용량주의,,,,2018-08-31
CPCTY_ATENT,D000481,용량주의,,,,2019-06-21
CPCTY_ATENT,D000084,용량주의,,,,2019-06-21
CPCTY_ATENT,D001282,"만성면역성(특발성) 혈소판 감소증 : 엘트롬보팍 50mg,  만성 C형 간염 : 엘트롬보팍 75mg,  중증 재생불량성 빈혈 : 엘트롬보팍 100mg",,50.0,mg,2019-06-21
CPCTY_ATENT,D001031,용량주의,,,,2018-08-31
CPCTY_ATENT,D000487,"1일최대용량 -   ""상염색체우성 다낭신장병 : 120mg,  저나트륨혈증 : 60mg""",,120.0,mg,2019-06-21
CPCTY_ATENT,D001262,"디멘히드리네이트 75mg, 카페인무수물 90mg",,75.0,mg,2019-06-21
CPCTY_ATENT,D000771,용량주의,,,,2019-06-21
CPCTY_ATENT,D001090,용량주의,,,,2018-08-31
CPCTY_ATENT,D000166,"1일최대용량 : 인다카테롤 110마이크로그램 ,   글리코피로니움 50마이크로그램",,,,2019-06-21
CPCTY_ATENT,D001273,용량주의,,,,2019-06-21
CPCTY_ATENT,D000350,에제티미브 10mg / 로수바스타틴 20mg,,10.0,mg,2018-08-31
CPCTY_ATENT,D001262,"디멘히드리네이트 200mg, 신나리진 100mg",,200.0,mg,2019-06-21
CPCTY_ATENT,D001262,"디멘히드리네이트 80mg,  스코폴라민브롬화수소산염수화물0.5mg",,80.0,mg,2019-06-21
CPCTY_ATENT,D001262,"디멘히드리네이트 120mg, 카페인무수물 18mg, 니코틴산아미드 30mg, 피리독신염산염 15mg",,120.0,mg,2019-06-21
CPCTY_ATENT,D000744,"알로글립틴  25mg,  피오글리타존 30mg",,25.0,mg,2019-06-21
CPCTY_ATENT,D001248,용량주의,,,,2019-06-21
CPCTY_ATENT,D001286,"주사제, 외용액제(2%, 4%)",,,,2019-06-21
CPCTY_ATENT,D000479,"1일최대용량 : ""1주 50g(50mL) (Clobetasol propionate로 1주 25mg)""",,50.0,g,2019-06-21
CPCTY_ATENT,D000709,에어로졸제(10%) 리도카인 해당 제형으로 20회 분무,,,,2019-06-21
CPCTY_ATENT,D001285,역가,,,,2019-06-21
CPCTY_ATENT,D000867,용량주의,,,,2019-06-21
CPCTY_ATENT,D001261,"급성심근경색, 급성폐색전증: 알테플라제 100mg,  급성허혈뇌졸중: 알테플라제 90mg",,100.0,mg,2019-06-21
CPCTY_ATENT,D000709,"겔제(9.6%), 크림제(9.6%) 리도카인 해당 제형으로 2g",,2.0,g,2019-06-21
CPCTY_ATENT,D000061,1일최대용량 : 12mg (2mg/4hr),,12.0,mg,2019-06-21
CPCTY_ATENT,D000191,용량주의,,,,2021-11-19
CPCTY_ATENT,D000723,용량주의,,,,2019-11-11
CPCTY_ATENT,D001270,"허혈성 심질환 : 20,000IU, 증상적 정맥 혈전색전증을 보이는 암환자 : 18,000IU",,20000.0,IU,2019-06-21
CPCTY_ATENT,D000953,용량주의,,,,2019-06-21
CPCTY_ATENT,D001293,"1일최대용량 : ""1주 100g(Clobetasone butyrate로 1주 50mg)""",,100.0,g,2019-06-21
CPCTY_ATENT,D001292,1일최대용량 : 600mg (Tosufloxacin으로 408mg),,600.0,mg,2019-06-21
CPCTY_ATENT,D000183,용량주의,,,,2019-06-21
CPCTY_ATENT,D000608,용량주의,,,,2019-06-21
CPCTY_ATENT,D000317,용량주의,,,,2019-06-21
CPCTY_ATENT,D000775,용량주의,,,,2019-06-21
CPCTY_ATENT,D001279,용량주의,,,,2019-06-21
CPCTY_ATENT,D000571,용량주의,,,,2019-06-21
CPCTY_ATENT,D000104,용량주의,,,,2019-06-21
CPCTY_ATENT,D001283,용량주의,,,,2019-06-21
CPCTY_ATENT,D000490,용량주의,,,,2019-06-21
CPCTY_ATENT,D000471,용량주의,,,,2019-06-21
CPCTY_ATENT,D000258,용량주의,,,,2019-06-21
CPCTY_ATENT,D001295,용량주의,,,,2019-06-21
CPCTY_ATENT,D001079,용량주의,,,,2019-06-21
CPCTY_ATENT,D000401,용량주의,,,,2019-06-21
CPCTY_ATENT,D001284,용량주의,,,,2019-06-21
CPCTY_ATENT,D000018,"부프로피온염산염 360mg, 날트렉손염산염 32mg",,360.0,mg,2019-11-11
CPCTY_ATENT,D000205,용량주의,,,,2019-06-21
CPCTY_ATENT,D000339,용량주의,,,,2019-06-21
CPCTY_ATENT,D001294,비만 및 과체중 환자 체중관리,,,,2024-08-09
CPCTY_ATENT,D001400,용량주의,,,,2021-07-15
CPCTY_ATENT,D001416,용량주의,,,,2021-07-15
CPCTY_ATENT,D000147,"아세트아미노펜 3,000mg, 파마브롬 150mg",,3000.0,mg,2021-07-15
CPCTY_ATENT,D001291,1일최대용량 : 1g (Brimonidine으로 3.3mg),,1.0,g,2019-06-21
CPCTY_ATENT,D000203,"(남성)라모세트론염산염 10㎍,  (여성)라모세트론염산염 5㎍",,10.0,mcg,2019-11-11
CPCTY_ATENT,D000505,용량주의,,,,2019-11-11
CPCTY_ATENT,D000795,용량주의,,,,2019-11-11
CPCTY_ATENT,D001617,용량주의,,,,2022-10-28
CPCTY_ATENT,D000135,용량주의,,,,2023-11-08
CPCTY_ATENT,D000051,"레보도파 1,500mg",,1500.0,mg,2019-11-11
CPCTY_ATENT,D000709,"연고제(5%), 겔제(5%) 리도카인 해당 제형으로 20g",,20.0,g,2022-10-28
CPCTY_ATENT,D000709,크림제(4%) 리도카인 해당 제형으로 25g,,25.0,g,2022-10-28
CPCTY_ATENT,D000709,구강용겔제(5%) 리도카인 해당 제형으로 4g,,4.0,g,2022-10-28
CPCTY_ATENT,D001073,리오시구앗(미분화) 7.5mg,,7.5,mg,2022-05-27
CPCTY_ATENT,D001550,이카티반트 90mg,,90.0,mg,2022-05-27
CPCTY_ATENT,D001078,다브라페닙 300mg,,300.0,mg,2022-05-27
CPCTY_ATENT,D001076,세리티닙 450mg,,450.0,mg,2022-05-27
CPCTY_ATENT,D001178,셀렉시팍(미분화) 3200㎍,,3200.0,mcg,2022-05-27
CPCTY_ATENT,D001546,아모다피닐 250mg,,250.0,mg,2022-05-27
CPCTY_ATENT,D001547,전신성 소아 특발성 관절염의 경우 카나키누맙 300mg,,300.0,mg,2022-05-27
CPCTY_ATENT,D001551,미로가발린 30mg,,30.0,mg,2022-05-27
CPCTY_ATENT,D001553,다로루타마이드 1200mg,,1200.0,mg,2022-05-27
CPCTY_ATENT,D001644,용량주의,,,,2023-05-31
CPCTY_ATENT,D001168,용량주의,,,,2019-04-19
CPCTY_ATENT,D001544,에스조피클론 3mg,,3.0,mg,2022-05-27
CPCTY_ATENT,D001545,에스케타민 84mg,,84.0,mg,2022-05-27
CPCTY_ATENT,D001549,폴리트로핀델타 24㎍,,24.0,mcg,2022-05-27
CPCTY_ATENT,D001552,FGF23 관련 저인산혈증성 구루병 및 골연화증의 경우 부로수맙 90mg,,90.0,mg,2022-05-27
CPCTY_ATENT,D001649,용량주의,,,,2023-05-31
CPCTY_ATENT,D001743,용량주의,,,,2024-05-01
CPCTY_ATENT,D001744,용량주의,,,,2024-05-01
CPCTY_ATENT,D001759,비만 및 과체중 환자 체중관리,,,,2024-08-09
CPCTY_ATENT,D001763,(조현병) 루라시돈 160mg,,160.0,mg,2025-05-30
CPCTY_ATENT,D001763,(양극성 장애) 루라시돈 120mg,,120.0,mg,2025-05-30
CPCTY_ATENT,D001825,용량주의,,,,2026-06-09
CPCTY_ATENT,D001765,용량주의,,,,2025-05-30
CPCTY_ATENT,D001764,용량주의,,,,2025-05-30
CPCTY_ATENT,D001693,용량주의,,,,2025-05-30
CPCTY_ATENT,D001822,용량주의,,,,2026-06-09
ODSN_ATENT,D000893,노인주의,,,,2020-09-24
ODSN_ATENT,D001262,노인주의,,,,2020-09-24
ODSN_ATENT,D000809,"노인에서의 삼환계 항우울제 사용은 기립성 저혈압, 비틀거림, 항콜린작용에 의한 구갈, 배뇨곤란, 변비, 안내압항진 등이 나타나기 쉬움으로 소량으로 신중투여",,,,2015-07-28
ODSN_ATENT,D000440,노인주의,,,,2020-09-24
ODSN_ATENT,D000466,"노인에서의 삼환계 항우울제 사용은 기립성 저혈압, 비틀거림, 항콜린작용에 의한 구갈, 배뇨곤란, 변비, 안내압항진 등이 나타나기 쉬움으로 소량으로 신중투여",,,,2015-07-28
ODSN_ATENT,D000026,노인주의,,,,2020-09-24
ODSN_ATENT,D000276,"노인에서의 정형 항정신병약물 사용은 추체외로 증상, 항콜린성 부작용 등이 나타나기 쉬우므로 신중투여",,,,2018-08-31
ODSN_ATENT,D000114,노인주의,,,,2020-09-24
ODSN_ATENT,D000999,노인주의,,,,2020-09-24
ODSN_ATENT,D000226,노인주의,,,,2020-09-24
ODSN_ATENT,D000374,노인주의,,,,2020-09-24
ODSN_ATENT,D000089,노인주의,,,,2020-09-24
ODSN_ATENT,D000113,"노인에서의 정형 항정신병약물 사용은 추체외로 증상, 항콜린성 부작용 등이 나타나기 쉬우므로 신중투여",,,,2018-08-31
ODSN_ATENT,D000362,"노인에서의 삼환계 항우울제 사용은 기립성 저혈압, 비틀거림, 항콜린작용에 의한 구갈, 배뇨곤란, 변비, 안내압항진 등이 나타나기 쉬움으로 소량으로 신중투여",,,,2014-07-28
ODSN_ATENT,D000897,노인주의,,,,2020-09-24
ODSN_ATENT,D000584,"노인에서의 정형 항정신병약물 사용은 추체외로 증상, 항콜린성 부작용 등이 나타나기 쉬우므로 신중투여",,,,2018-08-31
ODSN_ATENT,D000213,"노인에서의 정형 항정신병약물 사용은 추체외로 증상, 항콜린성 부작용 등이 나타나기 쉬우므로 신중투여",,,,2018-08-31
ODSN_ATENT,D000781,"노인에서의 정형 항정신병약물 사용은 추체외로 증상, 항콜린성 부작용 등이 나타나기 쉬우므로 신중투여",,,,2018-08-31
ODSN_ATENT,D000044,노인주의,,,,2020-09-24
ODSN_ATENT,D000296,노인주의,,,,2020-09-24
ODSN_ATENT,D000277,"노인에서의 삼환계 항우울제 사용은 기립성 저혈압, 비틀거림, 항콜린작용에 의한 구갈, 배뇨곤란, 변비, 안내압항진 등이 나타나기 쉬움으로 소량으로 신중투여",,,,2015-07-28
ODSN_ATENT,D001354,노인주의,,,,2020-09-24
ODSN_ATENT,D000881,노인주의,,,,2020-09-24
ODSN_ATENT,D000739,노인주의,,,,2021-07-15
ODSN_ATENT,D001355,노인주의,,,,2020-09-24
ODSN_ATENT,D001269,노인주의,,,,2020-09-24
ODSN_ATENT,D000452,노인주의,,,,2021-07-15
ODSN_ATENT,D000883,노인주의,,,,2020-09-24
ODSN_ATENT,D000792,"노인에서의 정형 항정신병약물 사용은 추체외로 증상, 항콜린성 부작용 등이 나타나기 쉬우므로 신중투여",,,,2018-08-31
ODSN_ATENT,D001357,노인주의,,,,2020-09-24
ODSN_ATENT,D001234,노인주의,,,,2020-09-24
ODSN_ATENT,D001356,노인주의,,,,2020-09-24
ODSN_ATENT,D000895,노인주의,,,,2020-09-24
ODSN_ATENT,D000138,노인주의,,,,2021-07-15
ODSN_ATENT,D000730,노인주의,,,,2020-09-24
ODSN_ATENT,D000512,노인주의,,,,2020-09-24
ODSN_ATENT,D000047,노인주의,,,,2020-09-24
ODSN_ATENT,D000056,"노인에서의 장기지속형 벤조다이아제핀 사용은 운동실조, 과진정 등이 나타나기 쉬움으로 소량부터 신중투여",,,,2015-07-28
ODSN_ATENT,D000375,"노인에서의 장기지속형 벤조다이아제핀 사용은 운동실조, 과진정 등이 나타나기 쉬움으로 소량부터 신중투여",,,,2015-07-28
ODSN_ATENT,D000090,"노인에서의 장기지속형 벤조다이아제핀 사용은 운동실조, 과진정 등이 나타나기 쉬움으로 소량부터 신중투여",,,,2015-07-28
ODSN_ATENT,D000411,"노인에서의 장기지속형 벤조다이아제핀 사용은 운동실조, 과진정 등이 나타나기 쉬움으로 소량부터 신중투여",,,,2015-07-28
ODSN_ATENT,D000106,"노인에서의 장기지속형 벤조다이아제핀 사용은 운동실조, 과진정 등이 나타나기 쉬움으로 소량부터 신중투여",,,,2015-07-28
ODSN_ATENT,D000378,"노인에서의 장기지속형 벤조다이아제핀 사용은 운동실조, 과진정 등이 나타나기 쉬움으로 소량부터 신중투여",,,,2015-07-28
ODSN_ATENT,D000506,노인주의,,,,2021-07-15
ODSN_ATENT,D000675,노인주의,,,,2021-07-15
ODSN_ATENT,D000463,노인주의,,,,2021-07-15
ODSN_ATENT,D000705,노인주의,,,,2021-07-15
ODSN_ATENT,D000086,노인주의,,,,2021-07-15
ODSN_ATENT,D000696,노인주의,,,,2021-07-15
ODSN_ATENT,D001012,노인주의,,,,2021-07-15
ODSN_ATENT,D000363,노인주의,,,,2021-07-15
ODSN_ATENT,D000575,노인주의,,,,2021-07-15
ODSN_ATENT,D000672,노인주의,,,,2021-07-15
ODSN_ATENT,D000230,노인주의,,,,2021-07-15
ODSN_ATENT,D000525,노인주의,,,,2021-07-15
ODSN_ATENT,D001289,노인주의,,,,2021-07-15
ODSN_ATENT,D000427,노인주의,,,,2021-07-15
ODSN_ATENT,D000982,노인주의,,,,2021-07-15
ODSN_ATENT,D000644,노인주의,,,,2021-07-15
ODSN_ATENT,D000983,노인주의,,,,2021-07-15
ODSN_ATENT,D000280,노인주의,,,,2021-07-15
ODSN_ATENT,D000083,노인주의,,,,2021-07-15
ODSN_ATENT,D000211,노인주의,,,,2021-07-15
ODSN_ATENT,D000081,노인주의,,,,2021-07-15
ODSN_ATENT,D000369,노인주의,,,,2022-05-27
ODSN_ATENT,D000766,노인주의,,,,2021-07-15
ODSN_ATENT,D000728,노인주의,,,,2022-05-27
ODSN_ATENT,D000583,노인주의,,,,2021-07-15
ODSN_ATENT,D000422,노인주의,,,,2021-07-15
ODSN_ATENT,D000451,노인주의,,,,2021-07-15
ODSN_ATENT,D000180,노인주의,,,,2021-07-15
ODSN_ATENT,D000321,노인주의,,,,2021-07-15
ODSN_ATENT,D000173,노인주의,,,,2021-07-15
ODSN_ATENT,D000030,노인주의,,,,2022-05-27
ODSN_ATENT,D000206,노인주의,,,,2021-07-15
ODSN_ATENT,D000357,노인주의,,,,2021-07-15
ODSN_ATENT,D000020,노인주의,,,,2022-05-27
ODSN_ATENT,D000491,노인주의,,,,2021-07-15
ODSN_ATENT,D001004,노인주의,,,,2021-07-15
ODSN_ATENT,D001763,노인주의,,,,2025-05-30
