ingr_code,effect_name
D000739,해열진통소염제
D000452,해열진통소염제
D000138,해열진통소염제
D000675,해열진통소염제
D000086,해열진통소염제
D000696,해열진통소염제
D000506,해열진통소염제
D000463,해열진통소염제
D000835,해열진통소염제
D000363,해열진통소염제
D000575,해열진통소염제
D000672,해열진통소염제
D000274,해열진통소염제
D000525,해열진통소염제
D000230,해열진통소염제
D000427,해열진통소염제
D000321,해열진통소염제
D000081,해열진통소염제
D000083,해열진통소염제
D000206,해열진통소염제
D000211,해열진통소염제
D000816,해열진통소염제
D000544,해열진통소염제
D000644,해열진통소염제
D000280,해열진통소염제
D000060,해열진통소염제
D000766,해열진통소염제
D000147,해열진통소염제
D000101,해열진통소염제
D000745,해열진통소염제
D000407,해열진통소염제
D000287,해열진통소염제
D000650,해열진통소염제
D000171,해열진통소염제
D000331,마약류 아편유사제
D000784,마약류 아편유사제
D000794,마약류 아편유사제
D000773,마약류 아편유사제
D000543,혈압강하작용의약품
D000681,혈압강하작용의약품
D000601,혈압강하작용의약품
D000717,혈압강하작용의약품
D000551,호흡기관용약
D000156,호흡기관용약
D000160,호흡기관용약
D000511,호흡기관용약
D000785,혈압강하작용의약품
D000370,혈압강하작용의약품
D000625,혈압강하작용의약품
D000433,혈압강하작용의약품
D000152,혈압강하작용의약품
D000404,혈압강하작용의약품
D000497,혈압강하작용의약품
D000399,혈압강하작용의약품
D000315,혈압강하작용의약품
D000616,혈압강하작용의약품
D000245,혈압강하작용의약품
D000435,혈압강하작용의약품
D000414,혈압강하작용의약품
D000377,혈압강하작용의약품
D000088,혈압강하작용의약품
D000454,혈압강하작용의약품
D000436,혈압강하작용의약품
D000176,혈압강하작용의약품
D000554,혈압강하작용의약품
D000528,혈압강하작용의약품
D000192,혈압강하작용의약품
D000398,혈압강하작용의약품
D000652,혈압강하작용의약품
D000456,혈압강하작용의약품
D000220,혈압강하작용의약품
D000046,혈압강하작용의약품
D000273,혈압강하작용의약품
D000485,혈압강하작용의약품
D000624,혈압강하작용의약품
D000006,마약류 아편유사제
D000282,정신신경용제
D000618,정신신경용제
D000106,정신신경용제
D000411,정신신경용제
D000592,정신신경용제
D000007,정신신경용제
D000271,정신신경용제
D000468,정신신경용제
D000097,마약류 아편유사제
D000700,마약류 아편유사제
D000356,마약류 아편유사제
D000197,혈압강하작용의약품
D000496,혈압강하작용의약품
D000752,혈압강하작용의약품
D000329,혈압강하작용의약품
D000818,혈압강하작용의약품
D000584,정신신경용제
D000792,정신신경용제
D000781,정신신경용제
D000113,정신신경용제
D000238,정신신경용제
D000276,정신신경용제
D000357,정신신경용제
D000728,정신신경용제
D000422,정신신경용제
D000491,정신신경용제
D000090,정신신경용제
D000056,정신신경용제
D000133,정신신경용제
D000378,정신신경용제
D000660,정신신경용제
D000352,정신신경용제
D000540,정신신경용제
D000362,정신신경용제
D000277,정신신경용제
D000809,정신신경용제
D000501,정신신경용제
D000516,정신신경용제
D000438,호흡기관용약
D000186,호흡기관용약
D000731,혈압강하작용의약품
D000799,혈압강하작용의약품
D000027,지질저하제
D000419,지질저하제
D000305,지질저하제
D000306,지질저하제
D000455,지질저하제
D000219,지질저하제
D000518,지질저하제
D000070,호흡기관용약
D000514,호흡기관용약
D000137,호흡기관용약
D000185,호흡기관용약
D000155,호흡기관용약
D000448,호흡기관용약
D000348,호흡기관용약
D000708,호흡기관용약
D000236,호흡기관용약
D000647,호흡기관용약
D000226,호흡기관용약
D000026,호흡기관용약
D000374,호흡기관용약
D000355,정신신경용제
D000307,정신신경용제
D000552,정신신경용제
D000229,정신신경용제
D000326,정신신경용제
D000638,정신신경용제
D000035,정신신경용제
D000336,정신신경용제
D000353,정신신경용제
D000620,정신신경용제
D000627,정신신경용제
D000302,정신신경용제
D000440,정신신경용제
D000017,정신신경용제
D000740,지질저하제
D000012,지질저하제
D000076,지질저하제
D000686,지질저하제
D000851,해열진통소염제
D000747,해열진통소염제
D000855,혈압강하작용의약품
D000856,혈압강하작용의약품
D000858,혈압강하작용의약품
D000866,혈압강하작용의약품
D000867,혈압강하작용의약품
D000935,호흡기관용약
D000875,마약류 아편유사제
D000876,마약류 아편유사제
D000877,마약류 아편유사제
D000879,마약류 아편유사제
D000881,정신신경용제
D000882,정신신경용제
D000218,정신신경용제
D000888,정신신경용제
D000890,정신신경용제
D000930,호흡기관용약
D000891,정신신경용제
D000892,정신신경용제
D000893,호흡기관용약
D000895,호흡기관용약
D000897,호흡기관용약
D000901,호흡기관용약
D000902,호흡기관용약
D000903,호흡기관용약
D000904,호흡기관용약
D000905,호흡기관용약
D000906,호흡기관용약
D000909,호흡기관용약
D000912,호흡기관용약
D000913,호흡기관용약
D000914,호흡기관용약
D000915,호흡기관용약
D000916,호흡기관용약
D000917,호흡기관용약
D000918,호흡기관용약
D000922,호흡기관용약
D000923,호흡기관용약
D000925,호흡기관용약
D000926,호흡기관용약
D000968,호흡기관용약
D000972,혈압강하작용의약품
D000450,혈압강하작용의약품
D000011,혈압강하작용의약품
D000982,해열진통소염제
D000983,해열진통소염제
D001004,해열진통소염제
D001012,해열진통소염제
D001016,마약류 아편유사제
D001010,정신신경용제
D000718,당뇨병용제
D000690,당뇨병용제
D000600,당뇨병용제
D000392,당뇨병용제
D000079,당뇨병용제
D000130,당뇨병용제
D000418,당뇨병용제
D000149,당뇨병용제
D001333,당뇨병용제
D000442,당뇨병용제
D000109,당뇨병용제
D000692,당뇨병용제
D000157,당뇨병용제
D000744,당뇨병용제
D001066,당뇨병용제
D001008,당뇨병용제
D000670,당뇨병용제
D000117,당뇨병용제
D000335,당뇨병용제
D000244,당뇨병용제
D000680,당뇨병용제
D000445,당뇨병용제
D001007,당뇨병용제
D001351,당뇨병용제
D001330,당뇨병용제
D001349,당뇨병용제
D001544,최면진정제
D000140,소화성궤양용제
D001615,소화성궤양용제
D001488,소화성궤양용제
D001489,소화성궤양용제
D001616,소화성궤양용제
D001490,소화성궤양용제
D000168,소화성궤양용제
D000699,소화성궤양용제
D000695,소화성궤양용제
D000469,소화성궤양용제
D000153,소화성궤양용제
D000386,소화성궤양용제
D000204,소화성궤양용제
D000301,소화성궤양용제
D001367,소화성궤양용제
D001410,소화성궤양용제
D001648,소화성궤양용제
D001743,혈압강하작용의약품
D001745,당뇨병용제
D001746,해열진통소염제
D001765,당뇨병용제
D001824,소화성궤양용제
